trait_id,GeneID,Symbol,Org_name,tax_id
transcription_factor_NCBI,7157,TP53,Homo sapiens,9606
transcription_factor_NCBI,3091,HIF1A,Homo sapiens,9606
transcription_factor_NCBI,7040,TGFB1,Homo sapiens,9606
transcription_factor_NCBI,7124,TNF,Homo sapiens,9606
transcription_factor_NCBI,4790,NFKB1,Homo sapiens,9606
transcription_factor_NCBI,1493,CTLA4,Homo sapiens,9606
transcription_factor_NCBI,4609,MYC,Homo sapiens,9606
transcription_factor_NCBI,3569,IL6,Homo sapiens,9606
transcription_factor_NCBI,6774,STAT3,Homo sapiens,9606
transcription_factor_NCBI,7422,VEGFA,Homo sapiens,9606
transcription_factor_NCBI,1956,EGFR,Homo sapiens,9606
transcription_factor_NCBI,2099,ESR1,Homo sapiens,9606
transcription_factor_NCBI,367,AR,Homo sapiens,9606
transcription_factor_NCBI,4233,MET,Homo sapiens,9606
transcription_factor_NCBI,207,AKT1,Homo sapiens,9606
transcription_factor_NCBI,5970,RELA,Homo sapiens,9606
transcription_factor_NCBI,2064,ERBB2,Homo sapiens,9606
transcription_factor_NCBI,3576,CXCL8,Homo sapiens,9606
transcription_factor_NCBI,3586,IL10,Homo sapiens,9606
transcription_factor_NCBI,7015,TERT,Homo sapiens,9606
transcription_factor_NCBI,26191,PTPN22,Homo sapiens,9606
transcription_factor_NCBI,4780,NFE2L2,Homo sapiens,9606
transcription_factor_NCBI,3458,IFNG,Homo sapiens,9606
transcription_factor_NCBI,672,BRCA1,Homo sapiens,9606
transcription_factor_NCBI,4318,MMP9,Homo sapiens,9606
transcription_factor_NCBI,5743,PTGS2,Homo sapiens,9606
transcription_factor_NCBI,1499,CTNNB1,Homo sapiens,9606
transcription_factor_NCBI,7099,TLR4,Homo sapiens,9606
transcription_factor_NCBI,7421,VDR,Homo sapiens,9606
transcription_factor_NCBI,1869,E2F1,Homo sapiens,9606
transcription_factor_NCBI,5468,PPARG,Homo sapiens,9606
transcription_factor_NCBI,673,BRAF,Homo sapiens,9606
transcription_factor_NCBI,351,APP,Homo sapiens,9606
transcription_factor_NCBI,6667,SP1,Homo sapiens,9606
transcription_factor_NCBI,5460,POU5F1,Homo sapiens,9606
transcription_factor_NCBI,1080,CFTR,Homo sapiens,9606
transcription_factor_NCBI,3553,IL1B,Homo sapiens,9606
transcription_factor_NCBI,1029,CDKN2A,Homo sapiens,9606
transcription_factor_NCBI,3725,JUN,Homo sapiens,9606
transcription_factor_NCBI,5728,PTEN,Homo sapiens,9606
transcription_factor_NCBI,5243,ABCB1,Homo sapiens,9606
transcription_factor_NCBI,1401,CRP,Homo sapiens,9606
transcription_factor_NCBI,627,BDNF,Homo sapiens,9606
transcription_factor_NCBI,1432,MAPK14,Homo sapiens,9606
transcription_factor_NCBI,2475,MTOR,Homo sapiens,9606
transcription_factor_NCBI,50943,FOXP3,Homo sapiens,9606
transcription_factor_NCBI,2033,EP300,Homo sapiens,9606
transcription_factor_NCBI,3717,JAK2,Homo sapiens,9606
transcription_factor_NCBI,3565,IL4,Homo sapiens,9606
transcription_factor_NCBI,7852,CXCR4,Homo sapiens,9606
transcription_factor_NCBI,2908,NR3C1,Homo sapiens,9606
transcription_factor_NCBI,999,CDH1,Homo sapiens,9606
transcription_factor_NCBI,3479,IGF1,Homo sapiens,9606
transcription_factor_NCBI,6772,STAT1,Homo sapiens,9606
transcription_factor_NCBI,596,BCL2,Homo sapiens,9606
transcription_factor_NCBI,4313,MMP2,Homo sapiens,9606
transcription_factor_NCBI,2309,FOXO3,Homo sapiens,9606
transcription_factor_NCBI,3952,LEP,Homo sapiens,9606
transcription_factor_NCBI,2308,FOXO1,Homo sapiens,9606
transcription_factor_NCBI,861,RUNX1,Homo sapiens,9606
transcription_factor_NCBI,675,BRCA2,Homo sapiens,9606
transcription_factor_NCBI,6657,SOX2,Homo sapiens,9606
transcription_factor_NCBI,3757,KCNH2,Homo sapiens,9606
transcription_factor_NCBI,5054,SERPINE1,Homo sapiens,9606
transcription_factor_NCBI,1234,CCR5,Homo sapiens,9606
transcription_factor_NCBI,6347,CCL2,Homo sapiens,9606
transcription_factor_NCBI,1385,CREB1,Homo sapiens,9606
transcription_factor_NCBI,196,AHR,Homo sapiens,9606
transcription_factor_NCBI,332,BIRC5,Homo sapiens,9606
transcription_factor_NCBI,727,C5,Homo sapiens,9606
transcription_factor_NCBI,5599,MAPK8,Homo sapiens,9606
transcription_factor_NCBI,6720,SREBF1,Homo sapiens,9606
transcription_factor_NCBI,3162,HMOX1,Homo sapiens,9606
transcription_factor_NCBI,4851,NOTCH1,Homo sapiens,9606
transcription_factor_NCBI,2146,EZH2,Homo sapiens,9606
transcription_factor_NCBI,8626,TP63,Homo sapiens,9606
transcription_factor_NCBI,4088,SMAD3,Homo sapiens,9606
transcription_factor_NCBI,595,CCND1,Homo sapiens,9606
transcription_factor_NCBI,6934,TCF7L2,Homo sapiens,9606
transcription_factor_NCBI,1026,CDKN1A,Homo sapiens,9606
transcription_factor_NCBI,4613,MYCN,Homo sapiens,9606
transcription_factor_NCBI,4286,MITF,Homo sapiens,9606
transcription_factor_NCBI,7097,TLR2,Homo sapiens,9606
transcription_factor_NCBI,23411,SIRT1,Homo sapiens,9606
transcription_factor_NCBI,2034,EPAS1,Homo sapiens,9606
transcription_factor_NCBI,2147,F2,Homo sapiens,9606
transcription_factor_NCBI,6615,SNAI1,Homo sapiens,9606
transcription_factor_NCBI,6696,SPP1,Homo sapiens,9606
transcription_factor_NCBI,2100,ESR2,Homo sapiens,9606
transcription_factor_NCBI,3606,IL18,Homo sapiens,9606
transcription_factor_NCBI,472,ATM,Homo sapiens,9606
transcription_factor_NCBI,2625,GATA3,Homo sapiens,9606
transcription_factor_NCBI,2932,GSK3B,Homo sapiens,9606
transcription_factor_NCBI,3815,KIT,Homo sapiens,9606
transcription_factor_NCBI,3480,IGF1R,Homo sapiens,9606
transcription_factor_NCBI,183,AGT,Homo sapiens,9606
transcription_factor_NCBI,6714,SRC,Homo sapiens,9606
transcription_factor_NCBI,154,ADRB2,Homo sapiens,9606
transcription_factor_NCBI,10062,NR1H3,Homo sapiens,9606
transcription_factor_NCBI,355,FAS,Homo sapiens,9606
transcription_factor_NCBI,3630,INS,Homo sapiens,9606
transcription_factor_NCBI,5925,RB1,Homo sapiens,9606
transcription_factor_NCBI,3135,HLA-G,Homo sapiens,9606
transcription_factor_NCBI,5966,REL,Homo sapiens,9606
transcription_factor_NCBI,1050,CEBPA,Homo sapiens,9606
transcription_factor_NCBI,7186,TRAF2,Homo sapiens,9606
transcription_factor_NCBI,4089,SMAD4,Homo sapiens,9606
transcription_factor_NCBI,54658,UGT1A1,Homo sapiens,9606
transcription_factor_NCBI,4312,MMP1,Homo sapiens,9606
transcription_factor_NCBI,142,PARP1,Homo sapiens,9606
transcription_factor_NCBI,7291,TWIST1,Homo sapiens,9606
transcription_factor_NCBI,51738,GHRL,Homo sapiens,9606
transcription_factor_NCBI,4791,NFKB2,Homo sapiens,9606
transcription_factor_NCBI,10891,PPARGC1A,Homo sapiens,9606
transcription_factor_NCBI,3172,HNF4A,Homo sapiens,9606
transcription_factor_NCBI,1950,EGF,Homo sapiens,9606
transcription_factor_NCBI,6927,HNF1A,Homo sapiens,9606
transcription_factor_NCBI,6935,ZEB1,Homo sapiens,9606
transcription_factor_NCBI,4292,MLH1,Homo sapiens,9606
transcription_factor_NCBI,5621,PRNP,Homo sapiens,9606
transcription_factor_NCBI,4582,MUC1,Homo sapiens,9606
transcription_factor_NCBI,5747,PTK2,Homo sapiens,9606
transcription_factor_NCBI,5241,PGR,Homo sapiens,9606
transcription_factor_NCBI,1906,EDN1,Homo sapiens,9606
transcription_factor_NCBI,3064,HTT,Homo sapiens,9606
transcription_factor_NCBI,328,APEX1,Homo sapiens,9606
transcription_factor_NCBI,9429,ABCG2,Homo sapiens,9606
transcription_factor_NCBI,3043,HBB,Homo sapiens,9606
transcription_factor_NCBI,7185,TRAF1,Homo sapiens,9606
transcription_factor_NCBI,10413,YAP1,Homo sapiens,9606
transcription_factor_NCBI,1559,CYP2C9,Homo sapiens,9606
transcription_factor_NCBI,324,APC,Homo sapiens,9606
transcription_factor_NCBI,9575,CLOCK,Homo sapiens,9606
transcription_factor_NCBI,1051,CEBPB,Homo sapiens,9606
transcription_factor_NCBI,185,AGTR1,Homo sapiens,9606
transcription_factor_NCBI,4843,NOS2,Homo sapiens,9606
transcription_factor_NCBI,4000,LMNA,Homo sapiens,9606
transcription_factor_NCBI,9971,NR1H4,Homo sapiens,9606
transcription_factor_NCBI,4087,SMAD2,Homo sapiens,9606
transcription_factor_NCBI,4282,MIF,Homo sapiens,9606
transcription_factor_NCBI,5573,PRKAR1A,Homo sapiens,9606
transcription_factor_NCBI,1588,CYP19A1,Homo sapiens,9606
transcription_factor_NCBI,10643,IGF2BP3,Homo sapiens,9606
transcription_factor_NCBI,3417,IDH1,Homo sapiens,9606
transcription_factor_NCBI,7132,TNFRSF1A,Homo sapiens,9606
transcription_factor_NCBI,3949,LDLR,Homo sapiens,9606
transcription_factor_NCBI,4255,MGMT,Homo sapiens,9606
transcription_factor_NCBI,109580095,HBB-LCR,Homo sapiens,9606
transcription_factor_NCBI,1958,EGR1,Homo sapiens,9606
transcription_factor_NCBI,4772,NFATC1,Homo sapiens,9606
transcription_factor_NCBI,238,ALK,Homo sapiens,9606
transcription_factor_NCBI,406938,MIR146A,Homo sapiens,9606
transcription_factor_NCBI,2113,ETS1,Homo sapiens,9606
transcription_factor_NCBI,3558,IL2,Homo sapiens,9606
transcription_factor_NCBI,5071,PRKN,Homo sapiens,9606
transcription_factor_NCBI,5663,PSEN1,Homo sapiens,9606
transcription_factor_NCBI,4982,TNFRSF11B,Homo sapiens,9606
transcription_factor_NCBI,7161,TP73,Homo sapiens,9606
transcription_factor_NCBI,2322,FLT3,Homo sapiens,9606
transcription_factor_NCBI,6591,SNAI2,Homo sapiens,9606
transcription_factor_NCBI,2332,FMR1,Homo sapiens,9606
transcription_factor_NCBI,2305,FOXM1,Homo sapiens,9606
transcription_factor_NCBI,3065,HDAC1,Homo sapiens,9606
transcription_factor_NCBI,467,ATF3,Homo sapiens,9606
transcription_factor_NCBI,1277,COL1A1,Homo sapiens,9606
transcription_factor_NCBI,860,RUNX2,Homo sapiens,9606
transcription_factor_NCBI,7528,YY1,Homo sapiens,9606
transcription_factor_NCBI,7428,VHL,Homo sapiens,9606
transcription_factor_NCBI,2247,FGF2,Homo sapiens,9606
transcription_factor_NCBI,1387,CREBBP,Homo sapiens,9606
transcription_factor_NCBI,7187,TRAF3,Homo sapiens,9606
transcription_factor_NCBI,56729,RETN,Homo sapiens,9606
transcription_factor_NCBI,6352,CCL5,Homo sapiens,9606
transcription_factor_NCBI,4023,LPL,Homo sapiens,9606
transcription_factor_NCBI,3320,HSP90AA1,Homo sapiens,9606
transcription_factor_NCBI,4170,MCL1,Homo sapiens,9606
transcription_factor_NCBI,1815,DRD4,Homo sapiens,9606
transcription_factor_NCBI,5451,POU2F1,Homo sapiens,9606
transcription_factor_NCBI,406947,MIR155,Homo sapiens,9606
transcription_factor_NCBI,3627,CXCL10,Homo sapiens,9606
transcription_factor_NCBI,407040,MIR34A,Homo sapiens,9606
transcription_factor_NCBI,841,CASP8,Homo sapiens,9606
transcription_factor_NCBI,54106,TLR9,Homo sapiens,9606
transcription_factor_NCBI,983,CDK1,Homo sapiens,9606
transcription_factor_NCBI,3659,IRF1,Homo sapiens,9606
transcription_factor_NCBI,3265,HRAS,Homo sapiens,9606
transcription_factor_NCBI,7316,UBC,Homo sapiens,9606
transcription_factor_NCBI,4486,MST1R,Homo sapiens,9606
transcription_factor_NCBI,4773,NFATC2,Homo sapiens,9606
transcription_factor_NCBI,4314,MMP3,Homo sapiens,9606
transcription_factor_NCBI,1490,CCN2,Homo sapiens,9606
transcription_factor_NCBI,11200,CHEK2,Homo sapiens,9606
transcription_factor_NCBI,864,RUNX3,Homo sapiens,9606
transcription_factor_NCBI,3397,ID1,Homo sapiens,9606
transcription_factor_NCBI,4988,OPRM1,Homo sapiens,9606
transcription_factor_NCBI,2263,FGFR2,Homo sapiens,9606
transcription_factor_NCBI,3661,IRF3,Homo sapiens,9606
transcription_factor_NCBI,650,BMP2,Homo sapiens,9606
transcription_factor_NCBI,8600,TNFSF11,Homo sapiens,9606
transcription_factor_NCBI,1457,CSNK2A1,Homo sapiens,9606
transcription_factor_NCBI,6908,TBP,Homo sapiens,9606
transcription_factor_NCBI,958,CD40,Homo sapiens,9606
transcription_factor_NCBI,5888,RAD51,Homo sapiens,9606
transcription_factor_NCBI,406937,MIR145,Homo sapiens,9606
transcription_factor_NCBI,2626,GATA4,Homo sapiens,9606
transcription_factor_NCBI,6776,STAT5A,Homo sapiens,9606
transcription_factor_NCBI,7076,TIMP1,Homo sapiens,9606
transcription_factor_NCBI,4208,MEF2C,Homo sapiens,9606
transcription_factor_NCBI,2623,GATA1,Homo sapiens,9606
transcription_factor_NCBI,3596,IL13,Homo sapiens,9606
transcription_factor_NCBI,1786,DNMT1,Homo sapiens,9606
transcription_factor_NCBI,4763,NF1,Homo sapiens,9606
transcription_factor_NCBI,6688,SPI1,Homo sapiens,9606
transcription_factor_NCBI,1045,CDX2,Homo sapiens,9606
transcription_factor_NCBI,2078,ERG,Homo sapiens,9606
transcription_factor_NCBI,30009,TBX21,Homo sapiens,9606
transcription_factor_NCBI,959,CD40LG,Homo sapiens,9606
transcription_factor_NCBI,79923,NANOG,Homo sapiens,9606
transcription_factor_NCBI,100507436,MICA,Homo sapiens,9606
transcription_factor_NCBI,6662,SOX9,Homo sapiens,9606
transcription_factor_NCBI,640,BLK,Homo sapiens,9606
transcription_factor_NCBI,1545,CYP1B1,Homo sapiens,9606
transcription_factor_NCBI,9314,KLF4,Homo sapiens,9606
transcription_factor_NCBI,2896,GRN,Homo sapiens,9606
transcription_factor_NCBI,2735,GLI1,Homo sapiens,9606
transcription_factor_NCBI,6469,SHH,Homo sapiens,9606
transcription_factor_NCBI,3600,IL15,Homo sapiens,9606
transcription_factor_NCBI,648,BMI1,Homo sapiens,9606
transcription_factor_NCBI,60489,APOBEC3G,Homo sapiens,9606
transcription_factor_NCBI,3620,IDO1,Homo sapiens,9606
transcription_factor_NCBI,5806,PTX3,Homo sapiens,9606
transcription_factor_NCBI,378938,MALAT1,Homo sapiens,9606
transcription_factor_NCBI,6256,RXRA,Homo sapiens,9606
transcription_factor_NCBI,9518,GDF15,Homo sapiens,9606
transcription_factor_NCBI,331,XIAP,Homo sapiens,9606
transcription_factor_NCBI,4297,KMT2A,Homo sapiens,9606
transcription_factor_NCBI,948,CD36,Homo sapiens,9606
transcription_factor_NCBI,5080,PAX6,Homo sapiens,9606
transcription_factor_NCBI,23405,DICER1,Homo sapiens,9606
transcription_factor_NCBI,2022,ENG,Homo sapiens,9606
transcription_factor_NCBI,1788,DNMT3A,Homo sapiens,9606
transcription_factor_NCBI,7942,TFEB,Homo sapiens,9606
transcription_factor_NCBI,7057,THBS1,Homo sapiens,9606
transcription_factor_NCBI,6778,STAT6,Homo sapiens,9606
transcription_factor_NCBI,6794,STK11,Homo sapiens,9606
transcription_factor_NCBI,3685,ITGAV,Homo sapiens,9606
transcription_factor_NCBI,5371,PML,Homo sapiens,9606
transcription_factor_NCBI,2056,EPO,Homo sapiens,9606
transcription_factor_NCBI,5156,PDGFRA,Homo sapiens,9606
transcription_factor_NCBI,10644,IGF2BP2,Homo sapiens,9606
transcription_factor_NCBI,5021,OXTR,Homo sapiens,9606
transcription_factor_NCBI,3551,IKBKB,Homo sapiens,9606
transcription_factor_NCBI,4792,NFKBIA,Homo sapiens,9606
transcription_factor_NCBI,1994,ELAVL1,Homo sapiens,9606
transcription_factor_NCBI,268,AMH,Homo sapiens,9606
transcription_factor_NCBI,4160,MC4R,Homo sapiens,9606
transcription_factor_NCBI,100124700,HOTAIR,Homo sapiens,9606
transcription_factor_NCBI,1871,E2F3,Homo sapiens,9606
transcription_factor_NCBI,3303,HSPA1A,Homo sapiens,9606
transcription_factor_NCBI,27086,FOXP1,Homo sapiens,9606
transcription_factor_NCBI,604,BCL6,Homo sapiens,9606
transcription_factor_NCBI,1589,CYP21A2,Homo sapiens,9606
transcription_factor_NCBI,4316,MMP7,Homo sapiens,9606
transcription_factor_NCBI,10725,NFAT5,Homo sapiens,9606
transcription_factor_NCBI,7424,VEGFC,Homo sapiens,9606
transcription_factor_NCBI,7468,NSD2,Homo sapiens,9606
transcription_factor_NCBI,9021,SOCS3,Homo sapiens,9606
transcription_factor_NCBI,1789,DNMT3B,Homo sapiens,9606
transcription_factor_NCBI,8202,NCOA3,Homo sapiens,9606
transcription_factor_NCBI,7128,TNFAIP3,Homo sapiens,9606
transcription_factor_NCBI,1977,EIF4E,Homo sapiens,9606
transcription_factor_NCBI,6670,SP3,Homo sapiens,9606
transcription_factor_NCBI,23476,BRD4,Homo sapiens,9606
transcription_factor_NCBI,3663,IRF5,Homo sapiens,9606
transcription_factor_NCBI,3456,IFNB1,Homo sapiens,9606
transcription_factor_NCBI,3014,H2AX,Homo sapiens,9606
transcription_factor_NCBI,8651,SOCS1,Homo sapiens,9606
transcription_factor_NCBI,3169,FOXA1,Homo sapiens,9606
transcription_factor_NCBI,174,AFP,Homo sapiens,9606
transcription_factor_NCBI,5058,PAK1,Homo sapiens,9606
transcription_factor_NCBI,652,BMP4,Homo sapiens,9606
transcription_factor_NCBI,23028,KDM1A,Homo sapiens,9606
transcription_factor_NCBI,6928,HNF1B,Homo sapiens,9606
transcription_factor_NCBI,7077,TIMP2,Homo sapiens,9606
transcription_factor_NCBI,6777,STAT5B,Homo sapiens,9606
transcription_factor_NCBI,25937,WWTR1,Homo sapiens,9606
transcription_factor_NCBI,2353,FOS,Homo sapiens,9606
transcription_factor_NCBI,4904,YBX1,Homo sapiens,9606
transcription_factor_NCBI,8856,NR1I2,Homo sapiens,9606
transcription_factor_NCBI,10320,IKZF1,Homo sapiens,9606
transcription_factor_NCBI,6597,SMARCA4,Homo sapiens,9606
transcription_factor_NCBI,7474,WNT5A,Homo sapiens,9606
transcription_factor_NCBI,5777,PTPN6,Homo sapiens,9606
transcription_factor_NCBI,10664,CTCF,Homo sapiens,9606
transcription_factor_NCBI,59067,IL21,Homo sapiens,9606
transcription_factor_NCBI,7341,SUMO1,Homo sapiens,9606
transcription_factor_NCBI,10411,RAPGEF3,Homo sapiens,9606
transcription_factor_NCBI,3297,HSF1,Homo sapiens,9606
transcription_factor_NCBI,4684,NCAM1,Homo sapiens,9606
transcription_factor_NCBI,4072,EPCAM,Homo sapiens,9606
transcription_factor_NCBI,5430,POLR2A,Homo sapiens,9606
transcription_factor_NCBI,1814,DRD3,Homo sapiens,9606
transcription_factor_NCBI,6678,SPARC,Homo sapiens,9606
transcription_factor_NCBI,1585,CYP11B2,Homo sapiens,9606
transcription_factor_NCBI,6462,SHBG,Homo sapiens,9606
transcription_factor_NCBI,2316,FLNA,Homo sapiens,9606
transcription_factor_NCBI,5914,RARA,Homo sapiens,9606
transcription_factor_NCBI,613,BCR,Homo sapiens,9606
transcription_factor_NCBI,7295,TXN,Homo sapiens,9606
transcription_factor_NCBI,468,ATF4,Homo sapiens,9606
transcription_factor_NCBI,4973,OLR1,Homo sapiens,9606
transcription_factor_NCBI,898,CCNE1,Homo sapiens,9606
transcription_factor_NCBI,55294,FBXW7,Homo sapiens,9606
transcription_factor_NCBI,2624,GATA2,Homo sapiens,9606
transcription_factor_NCBI,7019,TFAM,Homo sapiens,9606
transcription_factor_NCBI,2130,EWSR1,Homo sapiens,9606
transcription_factor_NCBI,55193,PBRM1,Homo sapiens,9606
transcription_factor_NCBI,51085,MLXIPL,Homo sapiens,9606
transcription_factor_NCBI,2641,GCG,Homo sapiens,9606
transcription_factor_NCBI,406913,MIR126,Homo sapiens,9606
transcription_factor_NCBI,1548,CYP2A6,Homo sapiens,9606
transcription_factor_NCBI,1410,CRYAB,Homo sapiens,9606
transcription_factor_NCBI,4322,MMP13,Homo sapiens,9606
transcription_factor_NCBI,3418,IDH2,Homo sapiens,9606
transcription_factor_NCBI,891,CCNB1,Homo sapiens,9606
transcription_factor_NCBI,6573,SLC19A1,Homo sapiens,9606
transcription_factor_NCBI,2158,F9,Homo sapiens,9606
transcription_factor_NCBI,1386,ATF2,Homo sapiens,9606
transcription_factor_NCBI,5617,PRL,Homo sapiens,9606
transcription_factor_NCBI,2547,XRCC6,Homo sapiens,9606
transcription_factor_NCBI,1278,COL1A2,Homo sapiens,9606
transcription_factor_NCBI,5576,PRKAR2A,Homo sapiens,9606
transcription_factor_NCBI,7080,NKX2-1,Homo sapiens,9606
transcription_factor_NCBI,2066,ERBB4,Homo sapiens,9606
transcription_factor_NCBI,2627,GATA6,Homo sapiens,9606
transcription_factor_NCBI,5604,MAP2K1,Homo sapiens,9606
transcription_factor_NCBI,2516,NR5A1,Homo sapiens,9606
transcription_factor_NCBI,5292,PIM1,Homo sapiens,9606
transcription_factor_NCBI,2597,GAPDH,Homo sapiens,9606
transcription_factor_NCBI,1113,CHGA,Homo sapiens,9606
transcription_factor_NCBI,7520,XRCC5,Homo sapiens,9606
transcription_factor_NCBI,3716,JAK1,Homo sapiens,9606
transcription_factor_NCBI,5077,PAX3,Homo sapiens,9606
transcription_factor_NCBI,1244,ABCC2,Homo sapiens,9606
transcription_factor_NCBI,1000,CDH2,Homo sapiens,9606
transcription_factor_NCBI,28,ABO,Homo sapiens,9606
transcription_factor_NCBI,2167,FABP4,Homo sapiens,9606
transcription_factor_NCBI,110806263,LOC110806263,Homo sapiens,9606
transcription_factor_NCBI,6376,CX3CL1,Homo sapiens,9606
transcription_factor_NCBI,1524,CX3CR1,Homo sapiens,9606
transcription_factor_NCBI,7494,XBP1,Homo sapiens,9606
transcription_factor_NCBI,3371,TNC,Homo sapiens,9606
transcription_factor_NCBI,3439,IFNA1,Homo sapiens,9606
transcription_factor_NCBI,3611,ILK,Homo sapiens,9606
transcription_factor_NCBI,208,AKT2,Homo sapiens,9606
transcription_factor_NCBI,6663,SOX10,Homo sapiens,9606
transcription_factor_NCBI,2670,GFAP,Homo sapiens,9606
transcription_factor_NCBI,406985,MIR200C,Homo sapiens,9606
transcription_factor_NCBI,8061,FOSL1,Homo sapiens,9606
transcription_factor_NCBI,2002,ELK1,Homo sapiens,9606
transcription_factor_NCBI,1649,DDIT3,Homo sapiens,9606
transcription_factor_NCBI,7042,TGFB2,Homo sapiens,9606
transcription_factor_NCBI,2057,EPOR,Homo sapiens,9606
transcription_factor_NCBI,406952,MIR17,Homo sapiens,9606
transcription_factor_NCBI,6775,STAT4,Homo sapiens,9606
transcription_factor_NCBI,1673,DEFB4A,Homo sapiens,9606
transcription_factor_NCBI,5592,PRKG1,Homo sapiens,9606
transcription_factor_NCBI,1025,CDK9,Homo sapiens,9606
transcription_factor_NCBI,3159,HMGA1,Homo sapiens,9606
transcription_factor_NCBI,284,ANGPT1,Homo sapiens,9606
transcription_factor_NCBI,2120,ETV6,Homo sapiens,9606
transcription_factor_NCBI,7849,PAX8,Homo sapiens,9606
transcription_factor_NCBI,5449,POU1F1,Homo sapiens,9606
transcription_factor_NCBI,6833,ABCC8,Homo sapiens,9606
transcription_factor_NCBI,3662,IRF4,Homo sapiens,9606
transcription_factor_NCBI,3973,LHCGR,Homo sapiens,9606
transcription_factor_NCBI,655,BMP7,Homo sapiens,9606
transcription_factor_NCBI,8289,ARID1A,Homo sapiens,9606
transcription_factor_NCBI,58508,KMT2C,Homo sapiens,9606
transcription_factor_NCBI,1281,COL3A1,Homo sapiens,9606
transcription_factor_NCBI,7026,NR2F2,Homo sapiens,9606
transcription_factor_NCBI,2395,FXN,Homo sapiens,9606
transcription_factor_NCBI,1616,DAXX,Homo sapiens,9606
transcription_factor_NCBI,5079,PAX5,Homo sapiens,9606
transcription_factor_NCBI,326,AIRE,Homo sapiens,9606
transcription_factor_NCBI,9112,MTA1,Homo sapiens,9606
transcription_factor_NCBI,7020,TFAP2A,Homo sapiens,9606
transcription_factor_NCBI,9076,CLDN1,Homo sapiens,9606
transcription_factor_NCBI,5627,PROS1,Homo sapiens,9606
transcription_factor_NCBI,5978,REST,Homo sapiens,9606
transcription_factor_NCBI,7054,TH,Homo sapiens,9606
transcription_factor_NCBI,7030,TFE3,Homo sapiens,9606
transcription_factor_NCBI,1435,CSF1,Homo sapiens,9606
transcription_factor_NCBI,9839,ZEB2,Homo sapiens,9606
transcription_factor_NCBI,3651,PDX1,Homo sapiens,9606
transcription_factor_NCBI,3838,KPNA2,Homo sapiens,9606
transcription_factor_NCBI,668,FOXL2,Homo sapiens,9606
transcription_factor_NCBI,2643,GCH1,Homo sapiens,9606
transcription_factor_NCBI,10657,KHDRBS1,Homo sapiens,9606
transcription_factor_NCBI,406907,MIR124-1,Homo sapiens,9606
transcription_factor_NCBI,3170,FOXA2,Homo sapiens,9606
transcription_factor_NCBI,6446,SGK1,Homo sapiens,9606
transcription_factor_NCBI,6925,TCF4,Homo sapiens,9606
transcription_factor_NCBI,7454,WAS,Homo sapiens,9606
transcription_factor_NCBI,5971,RELB,Homo sapiens,9606
transcription_factor_NCBI,3164,NR4A1,Homo sapiens,9606
transcription_factor_NCBI,10155,TRIM28,Homo sapiens,9606
transcription_factor_NCBI,3691,ITGB4,Homo sapiens,9606
transcription_factor_NCBI,23030,KDM4B,Homo sapiens,9606
transcription_factor_NCBI,1513,CTSK,Homo sapiens,9606
transcription_factor_NCBI,4654,MYOD1,Homo sapiens,9606
transcription_factor_NCBI,2668,GDNF,Homo sapiens,9606
transcription_factor_NCBI,1874,E2F4,Homo sapiens,9606
transcription_factor_NCBI,7024,TFCP2,Homo sapiens,9606
transcription_factor_NCBI,1879,EBF1,Homo sapiens,9606
transcription_factor_NCBI,111589215,LOC111589215,Homo sapiens,9606
transcription_factor_NCBI,1392,CRH,Homo sapiens,9606
transcription_factor_NCBI,246,ALOX15,Homo sapiens,9606
transcription_factor_NCBI,4853,NOTCH2,Homo sapiens,9606
transcription_factor_NCBI,405,ARNT,Homo sapiens,9606
transcription_factor_NCBI,55107,ANO1,Homo sapiens,9606
transcription_factor_NCBI,2324,FLT4,Homo sapiens,9606
transcription_factor_NCBI,1436,CSF1R,Homo sapiens,9606
transcription_factor_NCBI,51176,LEF1,Homo sapiens,9606
transcription_factor_NCBI,6097,RORC,Homo sapiens,9606
transcription_factor_NCBI,3251,HPRT1,Homo sapiens,9606
transcription_factor_NCBI,6500,SKP1,Homo sapiens,9606
transcription_factor_NCBI,8549,LGR5,Homo sapiens,9606
transcription_factor_NCBI,7376,NR1H2,Homo sapiens,9606
transcription_factor_NCBI,904,CCNT1,Homo sapiens,9606
transcription_factor_NCBI,1482,NKX2-5,Homo sapiens,9606
transcription_factor_NCBI,406942,MIR150,Homo sapiens,9606
transcription_factor_NCBI,2023,ENO1,Homo sapiens,9606
transcription_factor_NCBI,7100,TLR5,Homo sapiens,9606
transcription_factor_NCBI,7369,UMOD,Homo sapiens,9606
transcription_factor_NCBI,7466,WFS1,Homo sapiens,9606
transcription_factor_NCBI,1594,CYP27B1,Homo sapiens,9606
transcription_factor_NCBI,54822,TRPM7,Homo sapiens,9606
transcription_factor_NCBI,10642,IGF2BP1,Homo sapiens,9606
transcription_factor_NCBI,9759,HDAC4,Homo sapiens,9606
transcription_factor_NCBI,7043,TGFB3,Homo sapiens,9606
transcription_factor_NCBI,1316,KLF6,Homo sapiens,9606
transcription_factor_NCBI,2736,GLI2,Homo sapiens,9606
transcription_factor_NCBI,6736,SRY,Homo sapiens,9606
transcription_factor_NCBI,2660,MSTN,Homo sapiens,9606
transcription_factor_NCBI,6722,SRF,Homo sapiens,9606
transcription_factor_NCBI,3976,LIF,Homo sapiens,9606
transcription_factor_NCBI,340061,STING1,Homo sapiens,9606
transcription_factor_NCBI,5168,ENPP2,Homo sapiens,9606
transcription_factor_NCBI,1870,E2F2,Homo sapiens,9606
transcription_factor_NCBI,3664,IRF6,Homo sapiens,9606
transcription_factor_NCBI,10987,COPS5,Homo sapiens,9606
transcription_factor_NCBI,8290,H3-4,Homo sapiens,9606
transcription_factor_NCBI,190,NR0B1,Homo sapiens,9606
transcription_factor_NCBI,2621,GAS6,Homo sapiens,9606
transcription_factor_NCBI,10257,ABCC4,Homo sapiens,9606
transcription_factor_NCBI,3665,IRF7,Homo sapiens,9606
transcription_factor_NCBI,1981,EIF4G1,Homo sapiens,9606
transcription_factor_NCBI,6929,TCF3,Homo sapiens,9606
transcription_factor_NCBI,57506,MAVS,Homo sapiens,9606
transcription_factor_NCBI,6528,SLC5A5,Homo sapiens,9606
transcription_factor_NCBI,3675,ITGA3,Homo sapiens,9606
transcription_factor_NCBI,4929,NR4A2,Homo sapiens,9606
transcription_factor_NCBI,9611,NCOR1,Homo sapiens,9606
transcription_factor_NCBI,1915,EEF1A1,Homo sapiens,9606
transcription_factor_NCBI,10765,KDM5B,Homo sapiens,9606
transcription_factor_NCBI,60674,GAS5,Homo sapiens,9606
transcription_factor_NCBI,942,CD86,Homo sapiens,9606
transcription_factor_NCBI,961,CD47,Homo sapiens,9606
transcription_factor_NCBI,27035,NOX1,Homo sapiens,9606
transcription_factor_NCBI,406958,MIR182,Homo sapiens,9606
transcription_factor_NCBI,5308,PITX2,Homo sapiens,9606
transcription_factor_NCBI,10628,TXNIP,Homo sapiens,9606
transcription_factor_NCBI,5588,PRKCQ,Homo sapiens,9606
transcription_factor_NCBI,6566,SLC16A1,Homo sapiens,9606
transcription_factor_NCBI,12,SERPINA3,Homo sapiens,9606
transcription_factor_NCBI,23327,NEDD4L,Homo sapiens,9606
transcription_factor_NCBI,6517,SLC2A4,Homo sapiens,9606
transcription_factor_NCBI,7356,SCGB1A1,Homo sapiens,9606
transcription_factor_NCBI,7538,ZFP36,Homo sapiens,9606
transcription_factor_NCBI,4585,MUC4,Homo sapiens,9606
transcription_factor_NCBI,8473,OGT,Homo sapiens,9606
transcription_factor_NCBI,7113,TMPRSS2,Homo sapiens,9606
transcription_factor_NCBI,5076,PAX2,Homo sapiens,9606
transcription_factor_NCBI,89780,WNT3A,Homo sapiens,9606
transcription_factor_NCBI,27113,BBC3,Homo sapiens,9606
transcription_factor_NCBI,6659,SOX4,Homo sapiens,9606
transcription_factor_NCBI,8242,KDM5C,Homo sapiens,9606
transcription_factor_NCBI,3398,ID2,Homo sapiens,9606
transcription_factor_NCBI,4129,MAOB,Homo sapiens,9606
transcription_factor_NCBI,406987,MIR204,Homo sapiens,9606
transcription_factor_NCBI,27324,TOX3,Homo sapiens,9606
transcription_factor_NCBI,9612,NCOR2,Homo sapiens,9606
transcription_factor_NCBI,4086,SMAD1,Homo sapiens,9606
transcription_factor_NCBI,2313,FLI1,Homo sapiens,9606
transcription_factor_NCBI,7391,USF1,Homo sapiens,9606
transcription_factor_NCBI,8291,DYSF,Homo sapiens,9606
transcription_factor_NCBI,4776,NFATC4,Homo sapiens,9606
transcription_factor_NCBI,2923,PDIA3,Homo sapiens,9606
transcription_factor_NCBI,941,CD80,Homo sapiens,9606
transcription_factor_NCBI,5598,MAPK7,Homo sapiens,9606
transcription_factor_NCBI,3205,HOXA9,Homo sapiens,9606
transcription_factor_NCBI,3206,HOXA10,Homo sapiens,9606
transcription_factor_NCBI,3759,KCNJ2,Homo sapiens,9606
transcription_factor_NCBI,7364,UGT2B7,Homo sapiens,9606
transcription_factor_NCBI,3459,IFNGR1,Homo sapiens,9606
transcription_factor_NCBI,5452,POU2F2,Homo sapiens,9606
transcription_factor_NCBI,4149,MAX,Homo sapiens,9606
transcription_factor_NCBI,2030,SLC29A1,Homo sapiens,9606
transcription_factor_NCBI,1760,DMPK,Homo sapiens,9606
transcription_factor_NCBI,406983,MIR200A,Homo sapiens,9606
transcription_factor_NCBI,2303,FOXC2,Homo sapiens,9606
transcription_factor_NCBI,5618,PRLR,Homo sapiens,9606
transcription_factor_NCBI,2966,GTF2H2,Homo sapiens,9606
transcription_factor_NCBI,1739,DLG1,Homo sapiens,9606
transcription_factor_NCBI,111365141,LOC111365141,Homo sapiens,9606
transcription_factor_NCBI,6721,SREBF2,Homo sapiens,9606
transcription_factor_NCBI,93986,FOXP2,Homo sapiens,9606
transcription_factor_NCBI,3578,IL9,Homo sapiens,9606
transcription_factor_NCBI,1520,CTSS,Homo sapiens,9606
transcription_factor_NCBI,4303,FOXO4,Homo sapiens,9606
transcription_factor_NCBI,7031,TFF1,Homo sapiens,9606
transcription_factor_NCBI,6319,SCD,Homo sapiens,9606
transcription_factor_NCBI,3623,INHA,Homo sapiens,9606
transcription_factor_NCBI,54583,EGLN1,Homo sapiens,9606
transcription_factor_NCBI,4256,MGP,Homo sapiens,9606
transcription_factor_NCBI,3394,IRF8,Homo sapiens,9606
transcription_factor_NCBI,2296,FOXC1,Homo sapiens,9606
transcription_factor_NCBI,5601,MAPK9,Homo sapiens,9606
transcription_factor_NCBI,6439,SFTPB,Homo sapiens,9606
transcription_factor_NCBI,28996,HIPK2,Homo sapiens,9606
transcription_factor_NCBI,1647,GADD45A,Homo sapiens,9606
transcription_factor_NCBI,7350,UCP1,Homo sapiens,9606
transcription_factor_NCBI,2114,ETS2,Homo sapiens,9606
transcription_factor_NCBI,8929,PHOX2B,Homo sapiens,9606
transcription_factor_NCBI,10365,KLF2,Homo sapiens,9606
transcription_factor_NCBI,6915,TBXA2R,Homo sapiens,9606
transcription_factor_NCBI,3280,HES1,Homo sapiens,9606
transcription_factor_NCBI,2965,GTF2H1,Homo sapiens,9606
transcription_factor_NCBI,639,PRDM1,Homo sapiens,9606
transcription_factor_NCBI,2101,ESRRA,Homo sapiens,9606
transcription_factor_NCBI,368,ABCC6,Homo sapiens,9606
transcription_factor_NCBI,3728,JUP,Homo sapiens,9606
transcription_factor_NCBI,22926,ATF6,Homo sapiens,9606
transcription_factor_NCBI,6392,SDHD,Homo sapiens,9606
transcription_factor_NCBI,7392,USF2,Homo sapiens,9606
transcription_factor_NCBI,9682,KDM4A,Homo sapiens,9606
transcription_factor_NCBI,406982,MIR20A,Homo sapiens,9606
transcription_factor_NCBI,5291,PIK3CB,Homo sapiens,9606
transcription_factor_NCBI,5154,PDGFA,Homo sapiens,9606
transcription_factor_NCBI,3055,HCK,Homo sapiens,9606
transcription_factor_NCBI,4868,NPHS1,Homo sapiens,9606
transcription_factor_NCBI,80312,TET1,Homo sapiens,9606
transcription_factor_NCBI,6872,TAF1,Homo sapiens,9606
transcription_factor_NCBI,1487,CTBP1,Homo sapiens,9606
transcription_factor_NCBI,728,C5AR1,Homo sapiens,9606
transcription_factor_NCBI,28234,SLCO1B3,Homo sapiens,9606
transcription_factor_NCBI,3516,RBPJ,Homo sapiens,9606
transcription_factor_NCBI,6197,RPS6KA3,Homo sapiens,9606
transcription_factor_NCBI,3339,HSPG2,Homo sapiens,9606
transcription_factor_NCBI,241,ALOX5AP,Homo sapiens,9606
transcription_factor_NCBI,8200,GDF5,Homo sapiens,9606
transcription_factor_NCBI,6773,STAT2,Homo sapiens,9606
transcription_factor_NCBI,2737,GLI3,Homo sapiens,9606
transcription_factor_NCBI,2168,FABP1,Homo sapiens,9606
transcription_factor_NCBI,29851,ICOS,Homo sapiens,9606
transcription_factor_NCBI,54600,UGT1A9,Homo sapiens,9606
transcription_factor_NCBI,654,BMP6,Homo sapiens,9606
transcription_factor_NCBI,573,BAG1,Homo sapiens,9606
transcription_factor_NCBI,5629,PROX1,Homo sapiens,9606
transcription_factor_NCBI,10021,HCN4,Homo sapiens,9606
transcription_factor_NCBI,8087,FXR1,Homo sapiens,9606
transcription_factor_NCBI,6272,SORT1,Homo sapiens,9606
transcription_factor_NCBI,10000,AKT3,Homo sapiens,9606
transcription_factor_NCBI,8644,AKR1C3,Homo sapiens,9606
transcription_factor_NCBI,55636,CHD7,Homo sapiens,9606
transcription_factor_NCBI,862,RUNX1T1,Homo sapiens,9606
transcription_factor_NCBI,64344,HIF3A,Homo sapiens,9606
transcription_factor_NCBI,10253,SPRY2,Homo sapiens,9606
transcription_factor_NCBI,2205,FCER1A,Homo sapiens,9606
transcription_factor_NCBI,2010,EMD,Homo sapiens,9606
transcription_factor_NCBI,2217,FCGRT,Homo sapiens,9606
transcription_factor_NCBI,1876,E2F6,Homo sapiens,9606
transcription_factor_NCBI,3756,KCNH1,Homo sapiens,9606
transcription_factor_NCBI,55937,APOM,Homo sapiens,9606
transcription_factor_NCBI,8165,AKAP1,Homo sapiens,9606
transcription_factor_NCBI,2494,NR5A2,Homo sapiens,9606
transcription_factor_NCBI,4857,NOVA1,Homo sapiens,9606
transcription_factor_NCBI,4928,NUP98,Homo sapiens,9606
transcription_factor_NCBI,10481,HOXB13,Homo sapiens,9606
transcription_factor_NCBI,5083,PAX9,Homo sapiens,9606
transcription_factor_NCBI,2959,GTF2B,Homo sapiens,9606
transcription_factor_NCBI,2208,FCER2,Homo sapiens,9606
transcription_factor_NCBI,4862,NPAS2,Homo sapiens,9606
transcription_factor_NCBI,407046,MIR9-1,Homo sapiens,9606
transcription_factor_NCBI,406900,MIR106B,Homo sapiens,9606
transcription_factor_NCBI,4760,NEUROD1,Homo sapiens,9606
transcription_factor_NCBI,429,ASCL1,Homo sapiens,9606
transcription_factor_NCBI,7178,TPT1,Homo sapiens,9606
transcription_factor_NCBI,885,CCK,Homo sapiens,9606
transcription_factor_NCBI,2277,VEGFD,Homo sapiens,9606
transcription_factor_NCBI,6770,STAR,Homo sapiens,9606
transcription_factor_NCBI,6910,TBX5,Homo sapiens,9606
transcription_factor_NCBI,1261,CNGA3,Homo sapiens,9606
transcription_factor_NCBI,8431,NR0B2,Homo sapiens,9606
transcription_factor_NCBI,5605,MAP2K2,Homo sapiens,9606
transcription_factor_NCBI,4502,MT2A,Homo sapiens,9606
transcription_factor_NCBI,6608,SMO,Homo sapiens,9606
transcription_factor_NCBI,10908,PNPLA6,Homo sapiens,9606
transcription_factor_NCBI,23314,SATB2,Homo sapiens,9606
transcription_factor_NCBI,3609,ILF3,Homo sapiens,9606
transcription_factor_NCBI,6886,TAL1,Homo sapiens,9606
transcription_factor_NCBI,2118,ETV4,Homo sapiens,9606
transcription_factor_NCBI,106144573,HBA-LCR,Homo sapiens,9606
transcription_factor_NCBI,11069,RAPGEF4,Homo sapiens,9606
transcription_factor_NCBI,2770,GNAI1,Homo sapiens,9606
transcription_factor_NCBI,5577,PRKAR2B,Homo sapiens,9606
transcription_factor_NCBI,4838,NODAL,Homo sapiens,9606
transcription_factor_NCBI,815,CAMK2A,Homo sapiens,9606
transcription_factor_NCBI,6623,SNCG,Homo sapiens,9606
transcription_factor_NCBI,4775,NFATC3,Homo sapiens,9606
transcription_factor_NCBI,3020,H3-3A,Homo sapiens,9606
transcription_factor_NCBI,3399,ID3,Homo sapiens,9606
transcription_factor_NCBI,8554,PIAS1,Homo sapiens,9606
transcription_factor_NCBI,990,CDC6,Homo sapiens,9606
transcription_factor_NCBI,8880,FUBP1,Homo sapiens,9606
transcription_factor_NCBI,5564,PRKAB1,Homo sapiens,9606
transcription_factor_NCBI,6664,SOX11,Homo sapiens,9606
transcription_factor_NCBI,8243,SMC1A,Homo sapiens,9606
transcription_factor_NCBI,23512,SUZ12,Homo sapiens,9606
transcription_factor_NCBI,3738,KCNA3,Homo sapiens,9606
transcription_factor_NCBI,2796,GNRH1,Homo sapiens,9606
transcription_factor_NCBI,3087,HHEX,Homo sapiens,9606
transcription_factor_NCBI,10661,KLF1,Homo sapiens,9606
transcription_factor_NCBI,4205,MEF2A,Homo sapiens,9606
transcription_factor_NCBI,4824,NKX3-1,Homo sapiens,9606
transcription_factor_NCBI,406919,MIR130A,Homo sapiens,9606
transcription_factor_NCBI,8714,ABCC3,Homo sapiens,9606
transcription_factor_NCBI,3636,INPPL1,Homo sapiens,9606
transcription_factor_NCBI,4605,MYBL2,Homo sapiens,9606
transcription_factor_NCBI,2931,GSK3A,Homo sapiens,9606
transcription_factor_NCBI,5284,PIGR,Homo sapiens,9606
transcription_factor_NCBI,2304,FOXE1,Homo sapiens,9606
transcription_factor_NCBI,57591,MRTFA,Homo sapiens,9606
transcription_factor_NCBI,4688,NCF2,Homo sapiens,9606
transcription_factor_NCBI,4920,ROR2,Homo sapiens,9606
transcription_factor_NCBI,865,CBFB,Homo sapiens,9606
transcription_factor_NCBI,4758,NEU1,Homo sapiens,9606
transcription_factor_NCBI,407019,MIR27B,Homo sapiens,9606
transcription_factor_NCBI,407037,MIR320A,Homo sapiens,9606
transcription_factor_NCBI,23495,TNFRSF13B,Homo sapiens,9606
transcription_factor_NCBI,3720,JARID2,Homo sapiens,9606
transcription_factor_NCBI,5469,MED1,Homo sapiens,9606
transcription_factor_NCBI,6223,RPS19,Homo sapiens,9606
transcription_factor_NCBI,10935,PRDX3,Homo sapiens,9606
transcription_factor_NCBI,4800,NFYA,Homo sapiens,9606
transcription_factor_NCBI,7182,NR2C2,Homo sapiens,9606
transcription_factor_NCBI,7025,NR2F1,Homo sapiens,9606
transcription_factor_NCBI,3400,ID4,Homo sapiens,9606
transcription_factor_NCBI,11073,TOPBP1,Homo sapiens,9606
transcription_factor_NCBI,478,ATP1A3,Homo sapiens,9606
transcription_factor_NCBI,10457,GPNMB,Homo sapiens,9606
transcription_factor_NCBI,921,CD5,Homo sapiens,9606
transcription_factor_NCBI,10318,TNIP1,Homo sapiens,9606
transcription_factor_NCBI,1390,CREM,Homo sapiens,9606
transcription_factor_NCBI,23135,KDM6B,Homo sapiens,9606
transcription_factor_NCBI,5346,PLIN1,Homo sapiens,9606
transcription_factor_NCBI,51426,POLK,Homo sapiens,9606
transcription_factor_NCBI,6386,SDCBP,Homo sapiens,9606
transcription_factor_NCBI,3727,JUND,Homo sapiens,9606
transcription_factor_NCBI,2648,KAT2A,Homo sapiens,9606
transcription_factor_NCBI,6564,SLC15A1,Homo sapiens,9606
transcription_factor_NCBI,170302,ARX,Homo sapiens,9606
transcription_factor_NCBI,6550,SLC9A3,Homo sapiens,9606
transcription_factor_NCBI,23654,PLXNB2,Homo sapiens,9606
transcription_factor_NCBI,2658,GDF2,Homo sapiens,9606
transcription_factor_NCBI,9201,DCLK1,Homo sapiens,9606
transcription_factor_NCBI,23326,USP22,Homo sapiens,9606
transcription_factor_NCBI,2354,FOSB,Homo sapiens,9606
transcription_factor_NCBI,26147,PHF19,Homo sapiens,9606
transcription_factor_NCBI,1024,CDK8,Homo sapiens,9606
transcription_factor_NCBI,64067,NPAS3,Homo sapiens,9606
transcription_factor_NCBI,407043,MIR7-1,Homo sapiens,9606
transcription_factor_NCBI,7155,TOP2B,Homo sapiens,9606
transcription_factor_NCBI,27044,SND1,Homo sapiens,9606
transcription_factor_NCBI,9510,ADAMTS1,Homo sapiens,9606
transcription_factor_NCBI,4094,MAF,Homo sapiens,9606
transcription_factor_NCBI,406967,MIR192,Homo sapiens,9606
transcription_factor_NCBI,474,ATOH1,Homo sapiens,9606
transcription_factor_NCBI,5015,OTX2,Homo sapiens,9606
transcription_factor_NCBI,1523,CUX1,Homo sapiens,9606
transcription_factor_NCBI,10507,SEMA4D,Homo sapiens,9606
transcription_factor_NCBI,10733,PLK4,Homo sapiens,9606
transcription_factor_NCBI,4659,PPP1R12A,Homo sapiens,9606
transcription_factor_NCBI,3217,HOXB7,Homo sapiens,9606
transcription_factor_NCBI,11096,ADAMTS5,Homo sapiens,9606
transcription_factor_NCBI,50674,NEUROG3,Homo sapiens,9606
transcription_factor_NCBI,2661,GDF9,Homo sapiens,9606
transcription_factor_NCBI,8553,BHLHE40,Homo sapiens,9606
transcription_factor_NCBI,3549,IHH,Homo sapiens,9606
transcription_factor_NCBI,107604627,OPSIN-LCR,Homo sapiens,9606
transcription_factor_NCBI,5927,KDM5A,Homo sapiens,9606
transcription_factor_NCBI,4084,MXD1,Homo sapiens,9606
transcription_factor_NCBI,2526,FUT4,Homo sapiens,9606
transcription_factor_NCBI,110806307,STIN2-VNTR,Homo sapiens,9606
transcription_factor_NCBI,6045,RNF2,Homo sapiens,9606
transcription_factor_NCBI,493,ATP2B4,Homo sapiens,9606
transcription_factor_NCBI,10800,CYSLTR1,Homo sapiens,9606
transcription_factor_NCBI,6672,SP100,Homo sapiens,9606
transcription_factor_NCBI,728655,HULC,Homo sapiens,9606
transcription_factor_NCBI,1894,ECT2,Homo sapiens,9606
transcription_factor_NCBI,988,CDC5L,Homo sapiens,9606
transcription_factor_NCBI,64321,SOX17,Homo sapiens,9606
transcription_factor_NCBI,23089,PEG10,Homo sapiens,9606
transcription_factor_NCBI,7003,TEAD1,Homo sapiens,9606
transcription_factor_NCBI,2782,GNB1,Homo sapiens,9606
transcription_factor_NCBI,253738,EBF3,Homo sapiens,9606
transcription_factor_NCBI,56998,CTNNBIP1,Homo sapiens,9606
transcription_factor_NCBI,10215,OLIG2,Homo sapiens,9606
transcription_factor_NCBI,3670,ISL1,Homo sapiens,9606
transcription_factor_NCBI,6955,TRA,Homo sapiens,9606
transcription_factor_NCBI,84433,CARD11,Homo sapiens,9606
transcription_factor_NCBI,5593,PRKG2,Homo sapiens,9606
transcription_factor_NCBI,1053,CEBPE,Homo sapiens,9606
transcription_factor_NCBI,7050,TGIF1,Homo sapiens,9606
transcription_factor_NCBI,5898,RALA,Homo sapiens,9606
transcription_factor_NCBI,10672,GNA13,Homo sapiens,9606
transcription_factor_NCBI,5434,POLR2E,Homo sapiens,9606
transcription_factor_NCBI,3284,HSD3B2,Homo sapiens,9606
transcription_factor_NCBI,9935,MAFB,Homo sapiens,9606
transcription_factor_NCBI,51185,CRBN,Homo sapiens,9606
transcription_factor_NCBI,4158,MC2R,Homo sapiens,9606
transcription_factor_NCBI,5431,POLR2B,Homo sapiens,9606
transcription_factor_NCBI,6363,CCL19,Homo sapiens,9606
transcription_factor_NCBI,1406,CRX,Homo sapiens,9606
transcription_factor_NCBI,27043,PELP1,Homo sapiens,9606
transcription_factor_NCBI,148022,TICAM1,Homo sapiens,9606
transcription_factor_NCBI,54345,SOX18,Homo sapiens,9606
transcription_factor_NCBI,29127,RACGAP1,Homo sapiens,9606
transcription_factor_NCBI,10125,RASGRP1,Homo sapiens,9606
transcription_factor_NCBI,5933,RBL1,Homo sapiens,9606
transcription_factor_NCBI,6926,TBX3,Homo sapiens,9606
transcription_factor_NCBI,571,BACH1,Homo sapiens,9606
transcription_factor_NCBI,51454,GULP1,Homo sapiens,9606
transcription_factor_NCBI,87178,PNPT1,Homo sapiens,9606
transcription_factor_NCBI,6899,TBX1,Homo sapiens,9606
transcription_factor_NCBI,25833,POU2F3,Homo sapiens,9606
transcription_factor_NCBI,6493,SIM2,Homo sapiens,9606
transcription_factor_NCBI,4102,MAGEA3,Homo sapiens,9606
transcription_factor_NCBI,3209,HOXA13,Homo sapiens,9606
transcription_factor_NCBI,7021,TFAP2B,Homo sapiens,9606
transcription_factor_NCBI,10401,PIAS3,Homo sapiens,9606
transcription_factor_NCBI,9219,MTA2,Homo sapiens,9606
transcription_factor_NCBI,5626,PROP1,Homo sapiens,9606
transcription_factor_NCBI,6855,SYP,Homo sapiens,9606
transcription_factor_NCBI,122953,JDP2,Homo sapiens,9606
transcription_factor_NCBI,1690,COCH,Homo sapiens,9606
transcription_factor_NCBI,6504,SLAMF1,Homo sapiens,9606
transcription_factor_NCBI,7004,TEAD4,Homo sapiens,9606
transcription_factor_NCBI,5608,MAP2K6,Homo sapiens,9606
transcription_factor_NCBI,110386951,LOC110386951,Homo sapiens,9606
transcription_factor_NCBI,133522,PPARGC1B,Homo sapiens,9606
transcription_factor_NCBI,1052,CEBPD,Homo sapiens,9606
transcription_factor_NCBI,4488,MSX2,Homo sapiens,9606
transcription_factor_NCBI,3642,INSM1,Homo sapiens,9606
transcription_factor_NCBI,2294,FOXF1,Homo sapiens,9606
transcription_factor_NCBI,1875,E2F5,Homo sapiens,9606
transcription_factor_NCBI,3198,HOXA1,Homo sapiens,9606
transcription_factor_NCBI,25824,PRDX5,Homo sapiens,9606
transcription_factor_NCBI,7112,TMPO,Homo sapiens,9606
transcription_factor_NCBI,5456,POU3F4,Homo sapiens,9606
transcription_factor_NCBI,7840,ALMS1,Homo sapiens,9606
transcription_factor_NCBI,10735,STAG2,Homo sapiens,9606
transcription_factor_NCBI,7022,TFAP2C,Homo sapiens,9606
transcription_factor_NCBI,3202,HOXA5,Homo sapiens,9606
transcription_factor_NCBI,8284,KDM5D,Homo sapiens,9606
transcription_factor_NCBI,27436,EML4,Homo sapiens,9606
transcription_factor_NCBI,5307,PITX1,Homo sapiens,9606
transcription_factor_NCBI,8320,EOMES,Homo sapiens,9606
transcription_factor_NCBI,100885779,LINC-ROR,Homo sapiens,9606
transcription_factor_NCBI,2115,ETV1,Homo sapiens,9606
transcription_factor_NCBI,84159,ARID5B,Homo sapiens,9606
transcription_factor_NCBI,9210,BMP15,Homo sapiens,9606
transcription_factor_NCBI,2242,FES,Homo sapiens,9606
transcription_factor_NCBI,7088,TLE1,Homo sapiens,9606
transcription_factor_NCBI,1602,DACH1,Homo sapiens,9606
transcription_factor_NCBI,25803,SPDEF,Homo sapiens,9606
transcription_factor_NCBI,10614,HEXIM1,Homo sapiens,9606
transcription_factor_NCBI,5729,PTGDR,Homo sapiens,9606
transcription_factor_NCBI,54714,CNGB3,Homo sapiens,9606
transcription_factor_NCBI,10454,TAB1,Homo sapiens,9606
transcription_factor_NCBI,1999,ELF3,Homo sapiens,9606
transcription_factor_NCBI,55553,SOX6,Homo sapiens,9606
transcription_factor_NCBI,610,HCN2,Homo sapiens,9606
transcription_factor_NCBI,26471,NUPR1,Homo sapiens,9606
transcription_factor_NCBI,9962,SLC23A2,Homo sapiens,9606
transcription_factor_NCBI,3660,IRF2,Homo sapiens,9606
transcription_factor_NCBI,5432,POLR2C,Homo sapiens,9606
transcription_factor_NCBI,5575,PRKAR1B,Homo sapiens,9606
transcription_factor_NCBI,2224,FDPS,Homo sapiens,9606
transcription_factor_NCBI,1811,SLC26A3,Homo sapiens,9606
transcription_factor_NCBI,6599,SMARCC1,Homo sapiens,9606
transcription_factor_NCBI,9188,DDX21,Homo sapiens,9606
transcription_factor_NCBI,2173,FABP7,Homo sapiens,9606
transcription_factor_NCBI,3094,HINT1,Homo sapiens,9606
transcription_factor_NCBI,6596,HLTF,Homo sapiens,9606
transcription_factor_NCBI,5081,PAX7,Homo sapiens,9606
transcription_factor_NCBI,2551,GABPA,Homo sapiens,9606
transcription_factor_NCBI,111674463,LOC111674463,Homo sapiens,9606
transcription_factor_NCBI,3460,IFNGR2,Homo sapiens,9606
transcription_factor_NCBI,9289,ADGRG1,Homo sapiens,9606
transcription_factor_NCBI,4610,MYCL,Homo sapiens,9606
transcription_factor_NCBI,23186,RCOR1,Homo sapiens,9606
transcription_factor_NCBI,2696,GIPR,Homo sapiens,9606
transcription_factor_NCBI,1824,DSC2,Homo sapiens,9606
transcription_factor_NCBI,3207,HOXA11,Homo sapiens,9606
transcription_factor_NCBI,5046,PCSK6,Homo sapiens,9606
transcription_factor_NCBI,7443,VRK1,Homo sapiens,9606
transcription_factor_NCBI,3090,HIC1,Homo sapiens,9606
transcription_factor_NCBI,9252,RPS6KA5,Homo sapiens,9606
transcription_factor_NCBI,79977,GRHL2,Homo sapiens,9606
transcription_factor_NCBI,2962,GTF2F1,Homo sapiens,9606
transcription_factor_NCBI,3713,IVL,Homo sapiens,9606
transcription_factor_NCBI,284217,LAMA1,Homo sapiens,9606
transcription_factor_NCBI,10002,NR2E3,Homo sapiens,9606
transcription_factor_NCBI,1114,CHGB,Homo sapiens,9606
transcription_factor_NCBI,2356,FPGS,Homo sapiens,9606
transcription_factor_NCBI,5701,PSMC2,Homo sapiens,9606
transcription_factor_NCBI,22806,IKZF3,Homo sapiens,9606
transcription_factor_NCBI,8939,FUBP3,Homo sapiens,9606
transcription_factor_NCBI,57120,GOPC,Homo sapiens,9606
transcription_factor_NCBI,3239,HOXD13,Homo sapiens,9606
transcription_factor_NCBI,57575,PCDH10,Homo sapiens,9606
transcription_factor_NCBI,5989,RFX1,Homo sapiens,9606
transcription_factor_NCBI,3373,HYAL1,Homo sapiens,9606
transcription_factor_NCBI,51735,RAPGEF6,Homo sapiens,9606
transcription_factor_NCBI,466,ATF1,Homo sapiens,9606
transcription_factor_NCBI,5459,POU4F3,Homo sapiens,9606
transcription_factor_NCBI,5454,POU3F2,Homo sapiens,9606
transcription_factor_NCBI,8148,TAF15,Homo sapiens,9606
transcription_factor_NCBI,3682,ITGAE,Homo sapiens,9606
transcription_factor_NCBI,5437,POLR2H,Homo sapiens,9606
transcription_factor_NCBI,84295,PHF6,Homo sapiens,9606
transcription_factor_NCBI,406924,MIR134,Homo sapiens,9606
transcription_factor_NCBI,79718,TBL1XR1,Homo sapiens,9606
transcription_factor_NCBI,121340,SP7,Homo sapiens,9606
transcription_factor_NCBI,4209,MEF2D,Homo sapiens,9606
transcription_factor_NCBI,63967,CLSPN,Homo sapiens,9606
transcription_factor_NCBI,687,KLF9,Homo sapiens,9606
transcription_factor_NCBI,6866,TAC3,Homo sapiens,9606
transcription_factor_NCBI,27101,CACYBP,Homo sapiens,9606
transcription_factor_NCBI,5078,PAX4,Homo sapiens,9606
transcription_factor_NCBI,9260,PDLIM7,Homo sapiens,9606
transcription_factor_NCBI,10825,NEU3,Homo sapiens,9606
transcription_factor_NCBI,9958,USP15,Homo sapiens,9606
transcription_factor_NCBI,10220,GDF11,Homo sapiens,9606
transcription_factor_NCBI,57510,XPO5,Homo sapiens,9606
transcription_factor_NCBI,8848,TSC22D1,Homo sapiens,9606
transcription_factor_NCBI,5436,POLR2G,Homo sapiens,9606
transcription_factor_NCBI,6874,TAF4,Homo sapiens,9606
transcription_factor_NCBI,58487,CREBZF,Homo sapiens,9606
transcription_factor_NCBI,7707,ZNF148,Homo sapiens,9606
transcription_factor_NCBI,7593,MZF1,Homo sapiens,9606
transcription_factor_NCBI,5494,PPM1A,Homo sapiens,9606
transcription_factor_NCBI,7543,ZFX,Homo sapiens,9606
transcription_factor_NCBI,5309,PITX3,Homo sapiens,9606
transcription_factor_NCBI,6660,SOX5,Homo sapiens,9606
transcription_factor_NCBI,5606,MAP2K3,Homo sapiens,9606
transcription_factor_NCBI,56649,TMPRSS4,Homo sapiens,9606
transcription_factor_NCBI,3310,HSPA6,Homo sapiens,9606
transcription_factor_NCBI,3236,HOXD10,Homo sapiens,9606
transcription_factor_NCBI,84525,HOPX,Homo sapiens,9606
transcription_factor_NCBI,6399,TRAPPC2,Homo sapiens,9606
transcription_factor_NCBI,11279,KLF8,Homo sapiens,9606
transcription_factor_NCBI,2119,ETV5,Homo sapiens,9606
transcription_factor_NCBI,2355,FOSL2,Homo sapiens,9606
transcription_factor_NCBI,84676,TRIM63,Homo sapiens,9606
transcription_factor_NCBI,57818,G6PC2,Homo sapiens,9606
transcription_factor_NCBI,10379,IRF9,Homo sapiens,9606
transcription_factor_NCBI,26136,TES,Homo sapiens,9606
transcription_factor_NCBI,9227,LRAT,Homo sapiens,9606
transcription_factor_NCBI,55502,HES6,Homo sapiens,9606
transcription_factor_NCBI,8784,TNFRSF18,Homo sapiens,9606
transcription_factor_NCBI,5457,POU4F1,Homo sapiens,9606
transcription_factor_NCBI,3868,KRT16,Homo sapiens,9606
transcription_factor_NCBI,9319,TRIP13,Homo sapiens,9606
transcription_factor_NCBI,6909,TBX2,Homo sapiens,9606
transcription_factor_NCBI,6452,SH3BP2,Homo sapiens,9606
transcription_factor_NCBI,5435,POLR2F,Homo sapiens,9606
transcription_factor_NCBI,4774,NFIA,Homo sapiens,9606
transcription_factor_NCBI,9693,RAPGEF2,Homo sapiens,9606
transcription_factor_NCBI,110013312,LOC110013312,Homo sapiens,9606
transcription_factor_NCBI,6492,SIM1,Homo sapiens,9606
transcription_factor_NCBI,23152,CIC,Homo sapiens,9606
transcription_factor_NCBI,816,CAMK2B,Homo sapiens,9606
transcription_factor_NCBI,221037,JMJD1C,Homo sapiens,9606
transcription_factor_NCBI,6658,SOX3,Homo sapiens,9606
transcription_factor_NCBI,4778,NFE2,Homo sapiens,9606
transcription_factor_NCBI,9493,KIF23,Homo sapiens,9606
transcription_factor_NCBI,26298,EHF,Homo sapiens,9606
transcription_factor_NCBI,110283621,LOC110283621,Homo sapiens,9606
transcription_factor_NCBI,5441,POLR2L,Homo sapiens,9606
transcription_factor_NCBI,56254,RNF20,Homo sapiens,9606
transcription_factor_NCBI,5534,PPP3R1,Homo sapiens,9606
transcription_factor_NCBI,5439,POLR2J,Homo sapiens,9606
transcription_factor_NCBI,11198,SUPT16H,Homo sapiens,9606
transcription_factor_NCBI,50,ACO2,Homo sapiens,9606
transcription_factor_NCBI,3437,IFIT3,Homo sapiens,9606
transcription_factor_NCBI,6601,SMARCC2,Homo sapiens,9606
transcription_factor_NCBI,9479,MAPK8IP1,Homo sapiens,9606
transcription_factor_NCBI,25842,ASF1A,Homo sapiens,9606
transcription_factor_NCBI,7027,TFDP1,Homo sapiens,9606
transcription_factor_NCBI,3298,HSF2,Homo sapiens,9606
transcription_factor_NCBI,27022,FOXD3,Homo sapiens,9606
transcription_factor_NCBI,5433,POLR2D,Homo sapiens,9606
transcription_factor_NCBI,22877,MLXIP,Homo sapiens,9606
transcription_factor_NCBI,5525,PPP2R5A,Homo sapiens,9606
transcription_factor_NCBI,5075,PAX1,Homo sapiens,9606
transcription_factor_NCBI,1489,CTF1,Homo sapiens,9606
transcription_factor_NCBI,348980,HCN1,Homo sapiens,9606
transcription_factor_NCBI,5440,POLR2K,Homo sapiens,9606
transcription_factor_NCBI,1676,DFFA,Homo sapiens,9606
transcription_factor_NCBI,1258,CNGB1,Homo sapiens,9606
transcription_factor_NCBI,26574,AATF,Homo sapiens,9606
transcription_factor_NCBI,29119,CTNNA3,Homo sapiens,9606
transcription_factor_NCBI,83595,SOX7,Homo sapiens,9606
transcription_factor_NCBI,79365,BHLHE41,Homo sapiens,9606
transcription_factor_NCBI,23462,HEY1,Homo sapiens,9606
transcription_factor_NCBI,10252,SPRY1,Homo sapiens,9606
transcription_factor_NCBI,489,ATP2A3,Homo sapiens,9606
transcription_factor_NCBI,7994,KAT6A,Homo sapiens,9606
transcription_factor_NCBI,5438,POLR2I,Homo sapiens,9606
transcription_factor_NCBI,23414,ZFPM2,Homo sapiens,9606
transcription_factor_NCBI,406978,MIR199B,Homo sapiens,9606
transcription_factor_NCBI,9563,H6PD,Homo sapiens,9606
transcription_factor_NCBI,53947,A4GALT,Homo sapiens,9606
transcription_factor_NCBI,56938,ARNTL2,Homo sapiens,9606
transcription_factor_NCBI,3381,IBSP,Homo sapiens,9606
transcription_factor_NCBI,6878,TAF6,Homo sapiens,9606
transcription_factor_NCBI,10656,KHDRBS3,Homo sapiens,9606
transcription_factor_NCBI,64131,XYLT1,Homo sapiens,9606
transcription_factor_NCBI,54538,ROBO4,Homo sapiens,9606
transcription_factor_NCBI,112939,NACC1,Homo sapiens,9606
transcription_factor_NCBI,9051,PSTPIP1,Homo sapiens,9606
transcription_factor_NCBI,4793,NFKBIB,Homo sapiens,9606
transcription_factor_NCBI,22807,IKZF2,Homo sapiens,9606
transcription_factor_NCBI,6372,CXCL6,Homo sapiens,9606
transcription_factor_NCBI,9464,HAND2,Homo sapiens,9606
transcription_factor_NCBI,9439,MED23,Homo sapiens,9606
transcription_factor_NCBI,94033,FTMT,Homo sapiens,9606
transcription_factor_NCBI,55388,MCM10,Homo sapiens,9606
transcription_factor_NCBI,6880,TAF9,Homo sapiens,9606
transcription_factor_NCBI,23129,PLXND1,Homo sapiens,9606
transcription_factor_NCBI,2186,BPTF,Homo sapiens,9606
transcription_factor_NCBI,9760,TOX,Homo sapiens,9606
transcription_factor_NCBI,8487,GEMIN2,Homo sapiens,9606
transcription_factor_NCBI,116071,BATF2,Homo sapiens,9606
transcription_factor_NCBI,83439,TCF7L1,Homo sapiens,9606
transcription_factor_NCBI,1749,DLX5,Homo sapiens,9606
transcription_factor_NCBI,7023,TFAP4,Homo sapiens,9606
transcription_factor_NCBI,9111,NMI,Homo sapiens,9606
transcription_factor_NCBI,51567,TDP2,Homo sapiens,9606
transcription_factor_NCBI,1259,CNGA1,Homo sapiens,9606
transcription_factor_NCBI,144455,E2F7,Homo sapiens,9606
transcription_factor_NCBI,2963,GTF2F2,Homo sapiens,9606
transcription_factor_NCBI,11184,MAP4K1,Homo sapiens,9606
transcription_factor_NCBI,2968,GTF2H4,Homo sapiens,9606
transcription_factor_NCBI,22947,DUX4L1,Homo sapiens,9606
transcription_factor_NCBI,4014,LORICRIN,Homo sapiens,9606
transcription_factor_NCBI,26057,ANKRD17,Homo sapiens,9606
transcription_factor_NCBI,3150,HMGN1,Homo sapiens,9606
transcription_factor_NCBI,7482,WNT2B,Homo sapiens,9606
transcription_factor_NCBI,6656,SOX1,Homo sapiens,9606
transcription_factor_NCBI,6239,RREB1,Homo sapiens,9606
transcription_factor_NCBI,3299,HSF4,Homo sapiens,9606
transcription_factor_NCBI,23592,LEMD3,Homo sapiens,9606
transcription_factor_NCBI,8022,LHX3,Homo sapiens,9606
transcription_factor_NCBI,8435,SOAT2,Homo sapiens,9606
transcription_factor_NCBI,5462,POU5F1B,Homo sapiens,9606
transcription_factor_NCBI,7857,SCG2,Homo sapiens,9606
transcription_factor_NCBI,1960,EGR3,Homo sapiens,9606
transcription_factor_NCBI,27125,AFF4,Homo sapiens,9606
transcription_factor_NCBI,6671,SP4,Homo sapiens,9606
transcription_factor_NCBI,6879,TAF7,Homo sapiens,9606
transcription_factor_NCBI,55510,DDX43,Homo sapiens,9606
transcription_factor_NCBI,2921,CXCL3,Homo sapiens,9606
transcription_factor_NCBI,57178,ZMIZ1,Homo sapiens,9606
transcription_factor_NCBI,157,GRK3,Homo sapiens,9606
transcription_factor_NCBI,26586,CKAP2,Homo sapiens,9606
transcription_factor_NCBI,4802,NFYC,Homo sapiens,9606
transcription_factor_NCBI,7545,ZIC1,Homo sapiens,9606
transcription_factor_NCBI,4783,NFIL3,Homo sapiens,9606
transcription_factor_NCBI,59348,ZNF350,Homo sapiens,9606
transcription_factor_NCBI,27330,RPS6KA6,Homo sapiens,9606
transcription_factor_NCBI,8820,HESX1,Homo sapiens,9606
transcription_factor_NCBI,9048,ARTN,Homo sapiens,9606
transcription_factor_NCBI,430,ASCL2,Homo sapiens,9606
transcription_factor_NCBI,4782,NFIC,Homo sapiens,9606
transcription_factor_NCBI,8438,RAD54L,Homo sapiens,9606
transcription_factor_NCBI,6883,TAF12,Homo sapiens,9606
transcription_factor_NCBI,9134,CCNE2,Homo sapiens,9606
transcription_factor_NCBI,6496,SIX3,Homo sapiens,9606
transcription_factor_NCBI,863,CBFA2T3,Homo sapiens,9606
transcription_factor_NCBI,6881,TAF10,Homo sapiens,9606
transcription_factor_NCBI,22797,TFEC,Homo sapiens,9606
transcription_factor_NCBI,79628,SH3TC2,Homo sapiens,9606
transcription_factor_NCBI,6689,SPIB,Homo sapiens,9606
transcription_factor_NCBI,117307477,LOC117307477,Homo sapiens,9606
transcription_factor_NCBI,6484,ST3GAL4,Homo sapiens,9606
transcription_factor_NCBI,90993,CREB3L1,Homo sapiens,9606
transcription_factor_NCBI,389692,MAFA,Homo sapiens,9606
transcription_factor_NCBI,4110,MAGEA11,Homo sapiens,9606
transcription_factor_NCBI,57822,GRHL3,Homo sapiens,9606
transcription_factor_NCBI,57057,TBX20,Homo sapiens,9606
transcription_factor_NCBI,110006319,LOC110006319,Homo sapiens,9606
transcription_factor_NCBI,79671,NLRX1,Homo sapiens,9606
transcription_factor_NCBI,9690,UBE3C,Homo sapiens,9606
transcription_factor_NCBI,23493,HEY2,Homo sapiens,9606
transcription_factor_NCBI,23429,RYBP,Homo sapiens,9606
transcription_factor_NCBI,10154,PLXNC1,Homo sapiens,9606
transcription_factor_NCBI,3223,HOXC6,Homo sapiens,9606
transcription_factor_NCBI,8089,YEATS4,Homo sapiens,9606
transcription_factor_NCBI,406944,MIR153-1,Homo sapiens,9606
transcription_factor_NCBI,4901,NRL,Homo sapiens,9606
transcription_factor_NCBI,4004,LMO1,Homo sapiens,9606
transcription_factor_NCBI,26137,ZBTB20,Homo sapiens,9606
transcription_factor_NCBI,2553,GABPB1,Homo sapiens,9606
transcription_factor_NCBI,5458,POU4F2,Homo sapiens,9606
transcription_factor_NCBI,9496,TBX4,Homo sapiens,9606
transcription_factor_NCBI,54882,ANKHD1,Homo sapiens,9606
transcription_factor_NCBI,23040,MYT1L,Homo sapiens,9606
transcription_factor_NCBI,401,PHOX2A,Homo sapiens,9606
transcription_factor_NCBI,23077,MYCBP2,Homo sapiens,9606
transcription_factor_NCBI,26284,ERAL1,Homo sapiens,9606
transcription_factor_NCBI,57165,GJC2,Homo sapiens,9606
transcription_factor_NCBI,3224,HOXC8,Homo sapiens,9606
transcription_factor_NCBI,51043,ZBTB7B,Homo sapiens,9606
transcription_factor_NCBI,50945,TBX22,Homo sapiens,9606
transcription_factor_NCBI,10522,DEAF1,Homo sapiens,9606
transcription_factor_NCBI,3204,HOXA7,Homo sapiens,9606
transcription_factor_NCBI,3201,HOXA4,Homo sapiens,9606
transcription_factor_NCBI,653,BMP5,Homo sapiens,9606
transcription_factor_NCBI,81031,SLC2A10,Homo sapiens,9606
transcription_factor_NCBI,256297,PTF1A,Homo sapiens,9606
transcription_factor_NCBI,3232,HOXD3,Homo sapiens,9606
transcription_factor_NCBI,3175,ONECUT1,Homo sapiens,9606
transcription_factor_NCBI,3226,HOXC10,Homo sapiens,9606
transcription_factor_NCBI,146057,TTBK2,Homo sapiens,9606
transcription_factor_NCBI,3352,HTR1D,Homo sapiens,9606
transcription_factor_NCBI,6877,TAF5,Homo sapiens,9606
transcription_factor_NCBI,51621,KLF13,Homo sapiens,9606
transcription_factor_NCBI,107133510,LOC107133510,Homo sapiens,9606
transcription_factor_NCBI,110408762,LOC110408762,Homo sapiens,9606
transcription_factor_NCBI,115426,UHRF2,Homo sapiens,9606
transcription_factor_NCBI,20,ABCA2,Homo sapiens,9606
transcription_factor_NCBI,51754,TMEM8B,Homo sapiens,9606
transcription_factor_NCBI,2301,FOXE3,Homo sapiens,9606
transcription_factor_NCBI,23604,DAPK2,Homo sapiens,9606
transcription_factor_NCBI,9913,SUPT7L,Homo sapiens,9606
transcription_factor_NCBI,3229,HOXC13,Homo sapiens,9606
transcription_factor_NCBI,388585,HES5,Homo sapiens,9606
transcription_factor_NCBI,8613,PLPP3,Homo sapiens,9606
transcription_factor_NCBI,25776,CBY1,Homo sapiens,9606
transcription_factor_NCBI,64132,XYLT2,Homo sapiens,9606
transcription_factor_NCBI,4495,MT1G,Homo sapiens,9606
transcription_factor_NCBI,9421,HAND1,Homo sapiens,9606
transcription_factor_NCBI,1746,DLX2,Homo sapiens,9606
transcription_factor_NCBI,6343,SCT,Homo sapiens,9606
transcription_factor_NCBI,5013,OTX1,Homo sapiens,9606
transcription_factor_NCBI,3211,HOXB1,Homo sapiens,9606
transcription_factor_NCBI,392255,GDF6,Homo sapiens,9606
transcription_factor_NCBI,6873,TAF2,Homo sapiens,9606
transcription_factor_NCBI,3131,HLF,Homo sapiens,9606
transcription_factor_NCBI,651,BMP3,Homo sapiens,9606
transcription_factor_NCBI,83463,MXD3,Homo sapiens,9606
transcription_factor_NCBI,79180,EFHD2,Homo sapiens,9606
transcription_factor_NCBI,7090,TLE3,Homo sapiens,9606
transcription_factor_NCBI,81488,POLR2M,Homo sapiens,9606
transcription_factor_NCBI,689,BTF3,Homo sapiens,9606
transcription_factor_NCBI,10945,KDELR1,Homo sapiens,9606
transcription_factor_NCBI,55902,ACSS2,Homo sapiens,9606
transcription_factor_NCBI,9810,RNF40,Homo sapiens,9606
transcription_factor_NCBI,7940,LST1,Homo sapiens,9606
transcription_factor_NCBI,10362,HMG20B,Homo sapiens,9606
transcription_factor_NCBI,9883,POM121,Homo sapiens,9606
transcription_factor_NCBI,7786,MAP3K12,Homo sapiens,9606
transcription_factor_NCBI,11016,ATF7,Homo sapiens,9606
transcription_factor_NCBI,6942,TCF20,Homo sapiens,9606
transcription_factor_NCBI,130399,ACVR1C,Homo sapiens,9606
transcription_factor_NCBI,5463,POU6F1,Homo sapiens,9606
transcription_factor_NCBI,6666,SOX12,Homo sapiens,9606
transcription_factor_NCBI,7342,UBP1,Homo sapiens,9606
transcription_factor_NCBI,64236,PDLIM2,Homo sapiens,9606
transcription_factor_NCBI,8578,SCARF1,Homo sapiens,9606
transcription_factor_NCBI,2063,NR2F6,Homo sapiens,9606
transcription_factor_NCBI,83860,TAF3,Homo sapiens,9606
transcription_factor_NCBI,79733,E2F8,Homo sapiens,9606
transcription_factor_NCBI,84944,MAEL,Homo sapiens,9606
transcription_factor_NCBI,84667,HES7,Homo sapiens,9606
transcription_factor_NCBI,1018,CDK3,Homo sapiens,9606
transcription_factor_NCBI,108961161,LOC108961161,Homo sapiens,9606
transcription_factor_NCBI,3235,HOXD9,Homo sapiens,9606
transcription_factor_NCBI,400500,BCAR4,Homo sapiens,9606
transcription_factor_NCBI,60436,TGIF2,Homo sapiens,9606
transcription_factor_NCBI,2975,GTF3C1,Homo sapiens,9606
transcription_factor_NCBI,402381,SOHLH1,Homo sapiens,9606
transcription_factor_NCBI,58155,PTBP2,Homo sapiens,9606
transcription_factor_NCBI,9915,ARNT2,Homo sapiens,9606
transcription_factor_NCBI,6911,TBX6,Homo sapiens,9606
transcription_factor_NCBI,29079,MED4,Homo sapiens,9606
transcription_factor_NCBI,25885,POLR1A,Homo sapiens,9606
transcription_factor_NCBI,9878,TOX4,Homo sapiens,9606
transcription_factor_NCBI,144165,PRICKLE1,Homo sapiens,9606
transcription_factor_NCBI,407044,MIR7-2,Homo sapiens,9606
transcription_factor_NCBI,57657,HCN3,Homo sapiens,9606
transcription_factor_NCBI,220202,ATOH7,Homo sapiens,9606
transcription_factor_NCBI,7044,LEFTY2,Homo sapiens,9606
transcription_factor_NCBI,11107,PRDM5,Homo sapiens,9606
transcription_factor_NCBI,9686,VGLL4,Homo sapiens,9606
transcription_factor_NCBI,5453,POU3F1,Homo sapiens,9606
transcription_factor_NCBI,11022,TDRKH,Homo sapiens,9606
transcription_factor_NCBI,80114,BICC1,Homo sapiens,9606
transcription_factor_NCBI,2302,FOXJ1,Homo sapiens,9606
transcription_factor_NCBI,374654,KIF7,Homo sapiens,9606
transcription_factor_NCBI,6875,TAF4B,Homo sapiens,9606
transcription_factor_NCBI,9580,SOX13,Homo sapiens,9606
transcription_factor_NCBI,55252,ASXL2,Homo sapiens,9606
transcription_factor_NCBI,128209,KLF17,Homo sapiens,9606
transcription_factor_NCBI,2077,ERF,Homo sapiens,9606
transcription_factor_NCBI,26508,HEYL,Homo sapiens,9606
transcription_factor_NCBI,23090,ZNF423,Homo sapiens,9606
transcription_factor_NCBI,116113,FOXP4,Homo sapiens,9606
transcription_factor_NCBI,55723,ASF1B,Homo sapiens,9606
transcription_factor_NCBI,407045,MIR7-3,Homo sapiens,9606
transcription_factor_NCBI,4762,NEUROG1,Homo sapiens,9606
transcription_factor_NCBI,81033,KCNH6,Homo sapiens,9606
transcription_factor_NCBI,57496,MRTFB,Homo sapiens,9606
transcription_factor_NCBI,106721785,LOC106721785,Homo sapiens,9606
transcription_factor_NCBI,22976,PAXIP1,Homo sapiens,9606
transcription_factor_NCBI,140576,S100A16,Homo sapiens,9606
transcription_factor_NCBI,6882,TAF11,Homo sapiens,9606
transcription_factor_NCBI,159296,NKX2-3,Homo sapiens,9606
transcription_factor_NCBI,9044,BTAF1,Homo sapiens,9606
transcription_factor_NCBI,3225,HOXC9,Homo sapiens,9606
transcription_factor_NCBI,4821,NKX2-2,Homo sapiens,9606
transcription_factor_NCBI,405754,ERVFRD-1,Homo sapiens,9606
transcription_factor_NCBI,11083,DIDO1,Homo sapiens,9606
transcription_factor_NCBI,23097,CDK19,Homo sapiens,9606
transcription_factor_NCBI,6668,SP2,Homo sapiens,9606
transcription_factor_NCBI,9095,TBX19,Homo sapiens,9606
transcription_factor_NCBI,27302,BMP10,Homo sapiens,9606
transcription_factor_NCBI,9205,ZMYM5,Homo sapiens,9606
transcription_factor_NCBI,10538,BATF,Homo sapiens,9606
transcription_factor_NCBI,57060,PCBP4,Homo sapiens,9606
transcription_factor_NCBI,79711,IPO4,Homo sapiens,9606
transcription_factor_NCBI,2297,FOXD1,Homo sapiens,9606
transcription_factor_NCBI,136259,KLF14,Homo sapiens,9606
transcription_factor_NCBI,2005,ELK4,Homo sapiens,9606
transcription_factor_NCBI,80306,MED28,Homo sapiens,9606
transcription_factor_NCBI,9603,NFE2L3,Homo sapiens,9606
transcription_factor_NCBI,10042,HMGXB4,Homo sapiens,9606
transcription_factor_NCBI,1054,CEBPG,Homo sapiens,9606
transcription_factor_NCBI,344018,FIGLA,Homo sapiens,9606
transcription_factor_NCBI,64641,EBF2,Homo sapiens,9606
transcription_factor_NCBI,4066,LYL1,Homo sapiens,9606
transcription_factor_NCBI,442894,MIR302B,Homo sapiens,9606
transcription_factor_NCBI,6665,SOX15,Homo sapiens,9606
transcription_factor_NCBI,1877,E4F1,Homo sapiens,9606
transcription_factor_NCBI,65986,ZBTB10,Homo sapiens,9606
transcription_factor_NCBI,168400,DDX53,Homo sapiens,9606
transcription_factor_NCBI,2300,FOXL1,Homo sapiens,9606
transcription_factor_NCBI,9096,TBX18,Homo sapiens,9606
transcription_factor_NCBI,3899,AFF3,Homo sapiens,9606
transcription_factor_NCBI,7275,TUB,Homo sapiens,9606
transcription_factor_NCBI,11063,SOX30,Homo sapiens,9606
transcription_factor_NCBI,3097,HIVEP2,Homo sapiens,9606
transcription_factor_NCBI,107303343,LOC107303343,Homo sapiens,9606
transcription_factor_NCBI,905,CCNT2,Homo sapiens,9606
transcription_factor_NCBI,4335,MNT,Homo sapiens,9606
transcription_factor_NCBI,359948,IRF2BP2,Homo sapiens,9606
transcription_factor_NCBI,3221,HOXC4,Homo sapiens,9606
transcription_factor_NCBI,204851,HIPK1,Homo sapiens,9606
transcription_factor_NCBI,30812,SOX8,Homo sapiens,9606
transcription_factor_NCBI,9581,PREPL,Homo sapiens,9606
transcription_factor_NCBI,7975,MAFK,Homo sapiens,9606
transcription_factor_NCBI,7544,ZFY,Homo sapiens,9606
transcription_factor_NCBI,10589,DRAP1,Homo sapiens,9606
transcription_factor_NCBI,171017,ZNF384,Homo sapiens,9606
transcription_factor_NCBI,54937,SOHLH2,Homo sapiens,9606
transcription_factor_NCBI,90134,KCNH7,Homo sapiens,9606
transcription_factor_NCBI,64216,TFB2M,Homo sapiens,9606
transcription_factor_NCBI,64764,CREB3L2,Homo sapiens,9606
transcription_factor_NCBI,110351180,LOC110351180,Homo sapiens,9606
transcription_factor_NCBI,2657,GDF1,Homo sapiens,9606
transcription_factor_NCBI,51274,KLF3,Homo sapiens,9606
transcription_factor_NCBI,79094,CHAC1,Homo sapiens,9606
transcription_factor_NCBI,9604,RNF14,Homo sapiens,9606
transcription_factor_NCBI,1046,CDX4,Homo sapiens,9606
transcription_factor_NCBI,110467516,LOC110467516,Homo sapiens,9606
transcription_factor_NCBI,7008,TEF,Homo sapiens,9606
transcription_factor_NCBI,353500,BMP8A,Homo sapiens,9606
transcription_factor_NCBI,2299,FOXI1,Homo sapiens,9606
transcription_factor_NCBI,106128901,TH2-LCR,Homo sapiens,9606
transcription_factor_NCBI,39,ACAT2,Homo sapiens,9606
transcription_factor_NCBI,55509,BATF3,Homo sapiens,9606
transcription_factor_NCBI,3234,HOXD8,Homo sapiens,9606
transcription_factor_NCBI,5365,PLXNB3,Homo sapiens,9606
transcription_factor_NCBI,143686,SESN3,Homo sapiens,9606
transcription_factor_NCBI,116448,OLIG1,Homo sapiens,9606
transcription_factor_NCBI,9334,B4GALT5,Homo sapiens,9606
transcription_factor_NCBI,4799,NFX1,Homo sapiens,9606
transcription_factor_NCBI,132625,ZFP42,Homo sapiens,9606
transcription_factor_NCBI,83992,CTTNBP2,Homo sapiens,9606
transcription_factor_NCBI,222546,RFX6,Homo sapiens,9606
transcription_factor_NCBI,5455,POU3F3,Homo sapiens,9606
transcription_factor_NCBI,4617,MYF5,Homo sapiens,9606
transcription_factor_NCBI,54039,PCBP3,Homo sapiens,9606
transcription_factor_NCBI,80736,SLC44A4,Homo sapiens,9606
transcription_factor_NCBI,7181,NR2C1,Homo sapiens,9606
transcription_factor_NCBI,51320,MEX3C,Homo sapiens,9606
transcription_factor_NCBI,7029,TFDP2,Homo sapiens,9606
transcription_factor_NCBI,6945,MLX,Homo sapiens,9606
transcription_factor_NCBI,80317,ZKSCAN3,Homo sapiens,9606
transcription_factor_NCBI,5991,RFX3,Homo sapiens,9606
transcription_factor_NCBI,9573,GDF3,Homo sapiens,9606
transcription_factor_NCBI,285335,SLC9C1,Homo sapiens,9606
transcription_factor_NCBI,55558,PLXNA3,Homo sapiens,9606
transcription_factor_NCBI,23082,PPRC1,Homo sapiens,9606
transcription_factor_NCBI,51278,IER5,Homo sapiens,9606
transcription_factor_NCBI,7005,TEAD3,Homo sapiens,9606
transcription_factor_NCBI,9480,ONECUT2,Homo sapiens,9606
transcription_factor_NCBI,51008,ASCC1,Homo sapiens,9606
transcription_factor_NCBI,118430,MUCL1,Homo sapiens,9606
transcription_factor_NCBI,55578,SUPT20H,Homo sapiens,9606
transcription_factor_NCBI,84701,COX4I2,Homo sapiens,9606
transcription_factor_NCBI,3233,HOXD4,Homo sapiens,9606
transcription_factor_NCBI,375775,PNPLA7,Homo sapiens,9606
transcription_factor_NCBI,388112,NANOGP8,Homo sapiens,9606
transcription_factor_NCBI,6604,SMARCD3,Homo sapiens,9606
transcription_factor_NCBI,51406,NOL7,Homo sapiens,9606
transcription_factor_NCBI,10637,LEFTY1,Homo sapiens,9606
transcription_factor_NCBI,9325,TRIP4,Homo sapiens,9606
transcription_factor_NCBI,84969,TOX2,Homo sapiens,9606
transcription_factor_NCBI,112950,MED8,Homo sapiens,9606
transcription_factor_NCBI,6884,TAF13,Homo sapiens,9606
transcription_factor_NCBI,117134604,LOC117134604,Homo sapiens,9606
transcription_factor_NCBI,9466,IL27RA,Homo sapiens,9606
transcription_factor_NCBI,111674464,LOC111674464,Homo sapiens,9606
transcription_factor_NCBI,5992,RFX4,Homo sapiens,9606
transcription_factor_NCBI,27097,TAF5L,Homo sapiens,9606
transcription_factor_NCBI,10691,GMEB1,Homo sapiens,9606
transcription_factor_NCBI,5613,PRKX,Homo sapiens,9606
transcription_factor_NCBI,257218,SHPRH,Homo sapiens,9606
transcription_factor_NCBI,200933,FBXO45,Homo sapiens,9606
transcription_factor_NCBI,1260,CNGA2,Homo sapiens,9606
transcription_factor_NCBI,284252,KCTD1,Homo sapiens,9606
transcription_factor_NCBI,389136,VGLL3,Homo sapiens,9606
transcription_factor_NCBI,63973,NEUROG2,Homo sapiens,9606
transcription_factor_NCBI,55893,ZNF395,Homo sapiens,9606
transcription_factor_NCBI,84206,MEX3B,Homo sapiens,9606
transcription_factor_NCBI,93621,MRFAP1,Homo sapiens,9606
transcription_factor_NCBI,6837,MED22,Homo sapiens,9606
transcription_factor_NCBI,129685,TAF8,Homo sapiens,9606
transcription_factor_NCBI,406945,MIR153-2,Homo sapiens,9606
transcription_factor_NCBI,117600004,LOC117600004,Homo sapiens,9606
transcription_factor_NCBI,2971,GTF3A,Homo sapiens,9606
transcription_factor_NCBI,55065,SLC52A1,Homo sapiens,9606
transcription_factor_NCBI,8463,TEAD2,Homo sapiens,9606
transcription_factor_NCBI,55423,SIRPG,Homo sapiens,9606
transcription_factor_NCBI,29995,LMCD1,Homo sapiens,9606
transcription_factor_NCBI,10716,TBR1,Homo sapiens,9606
transcription_factor_NCBI,2785,GNG3,Homo sapiens,9606
transcription_factor_NCBI,3237,HOXD11,Homo sapiens,9606
transcription_factor_NCBI,3199,HOXA2,Homo sapiens,9606
transcription_factor_NCBI,51270,TFDP3,Homo sapiens,9606
transcription_factor_NCBI,57801,HES4,Homo sapiens,9606
transcription_factor_NCBI,2298,FOXD4,Homo sapiens,9606
transcription_factor_NCBI,30062,RAX,Homo sapiens,9606
transcription_factor_NCBI,151449,GDF7,Homo sapiens,9606
transcription_factor_NCBI,54681,P4HTM,Homo sapiens,9606
transcription_factor_NCBI,784,CACNB3,Homo sapiens,9606
transcription_factor_NCBI,111255645,LOC111255645,Homo sapiens,9606
transcription_factor_NCBI,27148,STK36,Homo sapiens,9606
transcription_factor_NCBI,131096,KCNH8,Homo sapiens,9606
transcription_factor_NCBI,6913,TBX15,Homo sapiens,9606
transcription_factor_NCBI,51513,ETV7,Homo sapiens,9606
transcription_factor_NCBI,64844,MARCHF7,Homo sapiens,9606
transcription_factor_NCBI,51450,PRRX2,Homo sapiens,9606
transcription_factor_NCBI,3200,HOXA3,Homo sapiens,9606
transcription_factor_NCBI,63876,PKNOX2,Homo sapiens,9606
transcription_factor_NCBI,656,BMP8B,Homo sapiens,9606
transcription_factor_NCBI,111674466,LOC111674466,Homo sapiens,9606
transcription_factor_NCBI,5990,RFX2,Homo sapiens,9606
transcription_factor_NCBI,3174,HNF4G,Homo sapiens,9606
transcription_factor_NCBI,7552,ZNF711,Homo sapiens,9606
transcription_factor_NCBI,29841,GRHL1,Homo sapiens,9606
transcription_factor_NCBI,3227,HOXC11,Homo sapiens,9606
transcription_factor_NCBI,7289,TULP3,Homo sapiens,9606
transcription_factor_NCBI,11317,RBPJL,Homo sapiens,9606
transcription_factor_NCBI,22980,TCF25,Homo sapiens,9606
transcription_factor_NCBI,10138,YAF2,Homo sapiens,9606
transcription_factor_NCBI,10629,TAF6L,Homo sapiens,9606
transcription_factor_NCBI,8403,SOX14,Homo sapiens,9606
transcription_factor_NCBI,11023,VAX1,Homo sapiens,9606
transcription_factor_NCBI,4618,MYF6,Homo sapiens,9606
transcription_factor_NCBI,55038,CDCA4,Homo sapiens,9606
transcription_factor_NCBI,79830,ZMYM1,Homo sapiens,9606
transcription_factor_NCBI,84063,KIRREL2,Homo sapiens,9606
transcription_factor_NCBI,390992,HES3,Homo sapiens,9606
transcription_factor_NCBI,106014249,LOC106014249,Homo sapiens,9606
transcription_factor_NCBI,137735,ABRA,Homo sapiens,9606
transcription_factor_NCBI,92312,MEX3A,Homo sapiens,9606
transcription_factor_NCBI,56731,SLC2A4RG,Homo sapiens,9606
transcription_factor_NCBI,23416,KCNH3,Homo sapiens,9606
transcription_factor_NCBI,94056,SYAP1,Homo sapiens,9606
transcription_factor_NCBI,26260,FBXO25,Homo sapiens,9606
transcription_factor_NCBI,55897,MESP1,Homo sapiens,9606
transcription_factor_NCBI,29842,TFCP2L1,Homo sapiens,9606
transcription_factor_NCBI,440073,IQSEC3,Homo sapiens,9606
transcription_factor_NCBI,3203,HOXA6,Homo sapiens,9606
transcription_factor_NCBI,57593,EBF4,Homo sapiens,9606
transcription_factor_NCBI,107882129,LOC107882129,Homo sapiens,9606
transcription_factor_NCBI,2662,GDF10,Homo sapiens,9606
transcription_factor_NCBI,83881,MIXL1,Homo sapiens,9606
transcription_factor_NCBI,3238,HOXD12,Homo sapiens,9606
transcription_factor_NCBI,56980,PRDM10,Homo sapiens,9606
transcription_factor_NCBI,117134593,LOC117134593,Homo sapiens,9606
transcription_factor_NCBI,387332,TBPL2,Homo sapiens,9606
transcription_factor_NCBI,594842,HAS2-AS1,Homo sapiens,9606
transcription_factor_NCBI,64375,IKZF4,Homo sapiens,9606
transcription_factor_NCBI,8800,PEX11A,Homo sapiens,9606
transcription_factor_NCBI,127540,HMGB4,Homo sapiens,9606
transcription_factor_NCBI,11108,PRDM4,Homo sapiens,9606
transcription_factor_NCBI,79874,RABEP2,Homo sapiens,9606
transcription_factor_NCBI,55040,EPN3,Homo sapiens,9606
transcription_factor_NCBI,57786,RBAK,Homo sapiens,9606
transcription_factor_NCBI,23440,OTP,Homo sapiens,9606
transcription_factor_NCBI,145873,MESP2,Homo sapiens,9606
transcription_factor_NCBI,2117,ETV3,Homo sapiens,9606
transcription_factor_NCBI,1519,CTSO,Homo sapiens,9606
transcription_factor_NCBI,22873,DZIP1,Homo sapiens,9606
transcription_factor_NCBI,51616,TAF9B,Homo sapiens,9606
transcription_factor_NCBI,3222,HOXC5,Homo sapiens,9606
transcription_factor_NCBI,196475,RMST,Homo sapiens,9606
transcription_factor_NCBI,22889,KHDC4,Homo sapiens,9606
transcription_factor_NCBI,56033,BARX1,Homo sapiens,9606
transcription_factor_NCBI,399664,MEX3D,Homo sapiens,9606
transcription_factor_NCBI,79823,CAMKMT,Homo sapiens,9606
transcription_factor_NCBI,4861,NPAS1,Homo sapiens,9606
transcription_factor_NCBI,347853,TBX10,Homo sapiens,9606
transcription_factor_NCBI,23415,KCNH4,Homo sapiens,9606
transcription_factor_NCBI,128553,TSHZ2,Homo sapiens,9606
transcription_factor_NCBI,63974,NEUROD6,Homo sapiens,9606
transcription_factor_NCBI,283150,FOXR1,Homo sapiens,9606
transcription_factor_NCBI,7762,ZNF215,Homo sapiens,9606
transcription_factor_NCBI,56956,LHX9,Homo sapiens,9606
transcription_factor_NCBI,10668,CGRRF1,Homo sapiens,9606
transcription_factor_NCBI,110599592,LOC110599592,Homo sapiens,9606
transcription_factor_NCBI,7732,RNF112,Homo sapiens,9606
transcription_factor_NCBI,121643,FOXN4,Homo sapiens,9606
transcription_factor_NCBI,1262,CNGA4,Homo sapiens,9606
transcription_factor_NCBI,55090,MED9,Homo sapiens,9606
transcription_factor_NCBI,285381,DPH3,Homo sapiens,9606
transcription_factor_NCBI,25946,ZNF385A,Homo sapiens,9606
transcription_factor_NCBI,112679198,LOC112679198,Homo sapiens,9606
transcription_factor_NCBI,245806,VGLL2,Homo sapiens,9606
transcription_factor_NCBI,51442,VGLL1,Homo sapiens,9606
transcription_factor_NCBI,117204000,LOC117204000,Homo sapiens,9606
transcription_factor_NCBI,4807,NHLH1,Homo sapiens,9606
transcription_factor_NCBI,7748,ZNF195,Homo sapiens,9606
transcription_factor_NCBI,10974,ADIRF,Homo sapiens,9606
transcription_factor_NCBI,127343,DMBX1,Homo sapiens,9606
transcription_factor_NCBI,109461476,LOC109461476,Homo sapiens,9606
transcription_factor_NCBI,404734,ANKHD1-EIF4EBP3,Homo sapiens,9606
transcription_factor_NCBI,2307,FOXS1,Homo sapiens,9606
transcription_factor_NCBI,10385,BTN2A2,Homo sapiens,9606
transcription_factor_NCBI,2306,FOXD2,Homo sapiens,9606
transcription_factor_NCBI,3167,HMX2,Homo sapiens,9606
transcription_factor_NCBI,80778,ZNF34,Homo sapiens,9606
transcription_factor_NCBI,90316,TGIF2LX,Homo sapiens,9606
transcription_factor_NCBI,26205,GMEB2,Homo sapiens,9606
transcription_factor_NCBI,58158,NEUROD4,Homo sapiens,9606
transcription_factor_NCBI,110599591,LOC110599591,Homo sapiens,9606
transcription_factor_NCBI,106736613,MCS+9.7,Homo sapiens,9606
transcription_factor_NCBI,54626,HES2,Homo sapiens,9606
transcription_factor_NCBI,84795,PYROXD2,Homo sapiens,9606
transcription_factor_NCBI,64864,RFX7,Homo sapiens,9606
transcription_factor_NCBI,111674475,LOC111674475,Homo sapiens,9606
transcription_factor_NCBI,150967,LINC01963,Homo sapiens,9606
transcription_factor_NCBI,100302740,FAS-AS1,Homo sapiens,9606
transcription_factor_NCBI,64376,IKZF5,Homo sapiens,9606
transcription_factor_NCBI,79018,GID4,Homo sapiens,9606
transcription_factor_NCBI,171568,POLR3H,Homo sapiens,9606
transcription_factor_NCBI,117204001,LOC117204001,Homo sapiens,9606
transcription_factor_NCBI,111258526,LOC111258526,Homo sapiens,9606
transcription_factor_NCBI,121549,ASCL4,Homo sapiens,9606
transcription_factor_NCBI,85009,MGC16025,Homo sapiens,9606
transcription_factor_NCBI,728340,GTF2H2C,Homo sapiens,9606
transcription_factor_NCBI,116039,OSR2,Homo sapiens,9606
transcription_factor_NCBI,80320,SP6,Homo sapiens,9606
transcription_factor_NCBI,3197,HOXA@,Homo sapiens,9606
transcription_factor_NCBI,153579,BTNL9,Homo sapiens,9606
transcription_factor_NCBI,643641,ZNF862,Homo sapiens,9606
transcription_factor_NCBI,389524,GTF2IRD2B,Homo sapiens,9606
transcription_factor_NCBI,90853,SPOCD1,Homo sapiens,9606
transcription_factor_NCBI,108491836,LOC108491836,Homo sapiens,9606
transcription_factor_NCBI,80823,BHLHB9,Homo sapiens,9606
transcription_factor_NCBI,284525,SLC9C2,Homo sapiens,9606
transcription_factor_NCBI,140894,CNBD2,Homo sapiens,9606
transcription_factor_NCBI,388849,CCDC188,Homo sapiens,9606
transcription_factor_NCBI,112495,GTF3C6,Homo sapiens,9606
transcription_factor_NCBI,7567,ZNF19,Homo sapiens,9606
transcription_factor_NCBI,200350,FOXD4L1,Homo sapiens,9606
transcription_factor_NCBI,111674472,LOC111674472,Homo sapiens,9606
transcription_factor_NCBI,3228,HOXC12,Homo sapiens,9606
transcription_factor_NCBI,27319,BHLHE22,Homo sapiens,9606
transcription_factor_NCBI,389206,BEND4,Homo sapiens,9606
transcription_factor_NCBI,107966124,RER,Homo sapiens,9606
transcription_factor_NCBI,56676,ASCL3,Homo sapiens,9606
transcription_factor_NCBI,126626,GABPB2,Homo sapiens,9606
transcription_factor_NCBI,90655,TGIF2LY,Homo sapiens,9606
transcription_factor_NCBI,10824,DIAPH2-AS1,Homo sapiens,9606
transcription_factor_NCBI,388553,MEIOSIN,Homo sapiens,9606
transcription_factor_NCBI,111674476,LOC111674476,Homo sapiens,9606
transcription_factor_NCBI,22993,HMGXB3,Homo sapiens,9606
transcription_factor_NCBI,152687,ZNF595,Homo sapiens,9606
transcription_factor_NCBI,106677019,LOC106677019,Homo sapiens,9606
transcription_factor_NCBI,168975,CNBD1,Homo sapiens,9606
transcription_factor_NCBI,111188152,LOC111188152,Homo sapiens,9606
transcription_factor_NCBI,81566,CSRNP2,Homo sapiens,9606
transcription_factor_NCBI,730394,GTF2H2C_2,Homo sapiens,9606
transcription_factor_NCBI,107963949,LOC107963949,Homo sapiens,9606
transcription_factor_NCBI,105375816,LOC105375816,Homo sapiens,9606
transcription_factor_NCBI,100526761,CCDC169-SOHLH2,Homo sapiens,9606
transcription_factor_NCBI,110806298,C17orf113,Homo sapiens,9606
transcription_factor_NCBI,146556,C16orf89,Homo sapiens,9606
transcription_factor_NCBI,129025,ZNF280A,Homo sapiens,9606
transcription_factor_NCBI,111216292,LOC111216292,Homo sapiens,9606
transcription_factor_NCBI,109286556,LOC109286556,Homo sapiens,9606
transcription_factor_NCBI,114803469,LOC114803469,Homo sapiens,9606
transcription_factor_NCBI,108511947,LOC108511947,Homo sapiens,9606
transcription_factor_NCBI,100132735,FILNC1,Homo sapiens,9606
transcription_factor_NCBI,652963,BTF3P12,Homo sapiens,9606
transcription_factor_NCBI,132556,BTF3P13,Homo sapiens,9606
transcription_factor_NCBI,111240478,LOC111240478,Homo sapiens,9606
transcription_factor_NCBI,107985770,LOC107985770,Homo sapiens,9606
transcription_factor_NCBI,111240479,LOC111240479,Homo sapiens,9606
transcription_factor_NCBI,111188153,LOC111188153,Homo sapiens,9606
transcription_factor_NCBI,109648317,LOC109648317,Homo sapiens,9606
transcription_factor_NCBI,114803478,LOC114803478,Homo sapiens,9606
transcription_factor_NCBI,114803477,LOC114803477,Homo sapiens,9606
transcription_factor_NCBI,114803476,LOC114803476,Homo sapiens,9606
transcription_factor_NCBI,114803475,LOC114803475,Homo sapiens,9606
transcription_factor_NCBI,114803474,LOC114803474,Homo sapiens,9606
transcription_factor_NCBI,114803473,LOC114803473,Homo sapiens,9606
transcription_factor_NCBI,114803472,LOC114803472,Homo sapiens,9606
transcription_factor_NCBI,114803471,LOC114803471,Homo sapiens,9606
transcription_factor_NCBI,114803470,LOC114803470,Homo sapiens,9606
transcription_factor_NCBI,114803468,LOC114803468,Homo sapiens,9606
transcription_factor_NCBI,109851610,LOC109851610,Homo sapiens,9606
transcription_factor_NCBI,117282006,LOC117282006,Homo sapiens,9606
transcription_factor_NCBI,192343,NEWENTRY,Homo sapiens,9606