GSE6740_CD4-acute_CD8-acute,HIV-1
GSE6740_CD4-chronic_CD8-chronic,HIV-1
GSE6740_CD4-uninfected_CD8-uninfected,HIV-1
GSE6740_CD4-nonProgressor_CD8-nonProgressor,HIV-1
GSE6740_CD4-acute_chronic,HIV-1
GSE6740_CD4-uninfected_acute,HIV-1
GSE6740_CD4-nonProgressor_acute,HIV-1
GSE6740_CD4-nonProgressor_chronic,HIV-1
GSE6740_CD4-uninfected_chronic,HIV-1
GSE6740_CD4-uninfected_nonProgressor,HIV-1
GSE6740_CD8-acute_chronic,HIV-1
GSE6740_CD8-uninfected_acute,HIV-1
GSE6740_CD8-nonProgressor_acute,HIV-1
GSE6740_CD8-nonProgressor_chronic,HIV-1
GSE6740_CD8-uninfected_chronic,HIV-1
GSE6740_CD8-uninfected_nonProgressor,HIV-1
GSE6740_acute_chronic,HIV-1
GSE6740_uninfected_acute,HIV-1
GSE6740_uninfected_chronic,HIV-1
GSE6740_uninfected_nonProgressor,HIV-1
GSE6740_nonProgressor_acute,HIV-1
GSE6740_nonProgressor_chronic,HIV-1
GSE7157_preInfection_acute,SIVmac251
GSE7157_preInfection_chronic,SIVmac251
GSE7157_acute_chronic,SIVmac251
GSE13824_uninfected_infected,SIVmac251
GSE16147_SM-acute_RM-acute,SIVsmm
GSE16147_SM-acute_RM-acute,SIVsmm or SIVmac239
GSE16147_SM-preInfection_acute,SIVsmm
GSE16147_SM-preInfection_chronic,SIVsmm
GSE16147_SM-acute_chronic,SIVsmm
GSE16147_RM-preInfection_acute,SIVsmm or SIVmac239
GSE17626_RM-preInfection_acute,SIVmac239
GSE17626_SM-preInfection_acute,SIVsmm
GSE17626_SM-preInfection_RM-preInfection,SIVmac239
GSE17626_SM-preInfection_RM-preInfection,SIVsmm
GSE17626_SM-acute_RM-acute,SIVsmm
GSE17626_SM-acute_RM-acute,SIVmac239
GSE24081_controller_chronic-progressor,HIV-1
GSE29980_RM-uninfected_acute,SIVmac251
GSE29980_SM-uninfected_chronic,SIVsm
GSE34300_preInfection_acute,SIVmac251
GSE34300_preInfection_chronic,SIVmac251
GSE34300_acute_chronic,SIVmac251
GSE51436_uninfected_infected,SIVmac251
GSE51615_uninfected_infected,SIVmac251
GSE51615_colon-uninfected_infected,SIVmac251
GSE51615_jejunum-uninfected_infected,SIVmac251
GSE51615_lung-uninfected_infected,SIVmac251
GSE51615_colon-uninfected_jejunum-uninfected,SIVmac251
GSE51615_colon-uninfected_lung-uninfected,SIVmac251
GSE51615_jejunum-uninfected_lung-uninfected,SIVmac251
GSE51615_colon-infected_jenunum_infected,SIVmac251
GSE51615_colon-infected_lung-infected,SIVmac251
GSE51615_jejunum-infected_lung-infected,SIVmac251
GSE57730_non-progressor_progressor,HIV-1
GSE61766_preInfection_acute,SIVmac251
GSE98717_preInfection_acute,SIVp27 of SIVmac251
GSE98717_preInfection_chronic,SIVp27 of SIVmac251
GSE98717_acute_chronic,SIVp27 of SIVmac251
GSE119234_uninfected_infected,HIV-1
GSE119234_B-cell-germinal_uninfected_infected,HIV-1
GSE119234_B-cell-unswitched-memory_uninfected_infected,HIV-1
GSE119234_B-cell-naive_uninfected_infected,HIV-1
GSE119234_B-cell-memory_uninfected_infected,HIV-1
3070984318_preInfection_acute,SIVagm 
3070984318_preInfection_chronic,SIVagm 
3070984318_acute_chronic,SIVagm 
2932572286_preInfection_acute,SIVmac 
2932572286_preInfection_chronic,SIVmac 
2932572286_acute_chronic,SIVmac 