GSE6740_CD4-acute_CD8-acute,GPL96
GSE6740_CD4-chronic_CD8-chronic,GPL96
GSE6740_CD4-uninfected_CD8-uninfected,GPL96
GSE6740_CD4-nonProgressor_CD8-nonProgressor,GPL96
GSE6740_CD4-acute_chronic,GPL96
GSE6740_CD4-uninfected_acute,GPL96
GSE6740_CD4-nonProgressor_acute,GPL96
GSE6740_CD4-nonProgressor_chronic,GPL96
GSE6740_CD4-uninfected_chronic,GPL96
GSE6740_CD4-uninfected_nonProgressor,GPL96
GSE6740_CD8-acute_chronic,GPL96
GSE6740_CD8-uninfected_acute,GPL96
GSE6740_CD8-nonProgressor_acute,GPL96
GSE6740_CD8-nonProgressor_chronic,GPL96
GSE6740_CD8-uninfected_chronic,GPL96
GSE6740_CD8-uninfected_nonProgressor,GPL96
GSE6740_acute_chronic,GPL96
GSE6740_uninfected_acute,GPL96
GSE6740_uninfected_chronic,GPL96
GSE6740_uninfected_nonProgressor,GPL96
GSE6740_nonProgressor_acute,GPL96
GSE6740_nonProgressor_chronic,GPL96
GSE7157_preInfection_acute,GPL3535
GSE7157_preInfection_chronic,GPL3535
GSE7157_acute_chronic,GPL3535
GSE13824_uninfected_infected,GPL3535
GSE16147_SM-acute_RM-acute,GPL3535
GSE16147_SM-preInfection_acute,GPL3535
GSE16147_SM-preInfection_chronic,GPL3535
GSE16147_SM-acute_chronic,GPL3535
GSE16147_RM-preInfection_acute,GPL3535
GSE17626_RM-preInfection_acute,GPL3535
GSE17626_SM-preInfection_acute,GPL3535
GSE17626_SM-preInfection_RM-preInfection,GPL3535
GSE17626_SM-acute_RM-acute,GPL3535
GSE24081_controller_chronic-progressor,GPL3921
GSE29980_RM-uninfected_acute,GPL3535
GSE29980_SM-uninfected_chronic,GPL3535
GSE34300_preInfection_acute,GPL3535
GSE34300_preInfection_chronic,GPL3535
GSE34300_acute_chronic,GPL3535
GSE51436_uninfected_infected,GPL3535
GSE51615_uninfected_infected,GPL3535
GSE51615_colon-uninfected_infected,GPL3535
GSE51615_jejunum-uninfected_infected,GPL3535
GSE51615_lung-uninfected_infected,GPL3535
GSE51615_colon-uninfected_jejunum-uninfected,GPL3535
GSE51615_colon-uninfected_lung-uninfected,GPL3535
GSE51615_jejunum-uninfected_lung-uninfected,GPL3535
GSE51615_colon-infected_jenunum_infected,GPL3535
GSE51615_colon-infected_lung-infected,GPL3535
GSE51615_jejunum-infected_lung-infected,GPL3535
GSE57730_non-progressor_progressor,GPL570
GSE61766_preInfection_acute,GPL3535
GSE98717_preInfection_acute,GPL3535
GSE98717_preInfection_chronic,GPL3535
GSE98717_acute_chronic,GPL3535
GSE119234_uninfected_infected,GPL21697
GSE119234_B-cell-germinal_uninfected_infected,GPL21697
GSE119234_B-cell-unswitched-memory_uninfected_infected,GPL21697
GSE119234_B-cell-naive_uninfected_infected,GPL21697
GSE119234_B-cell-memory_uninfected_infected,GPL21697
3070984318_preInfection_acute,GPL2986
3070984318_preInfection_chronic,GPL2986
3070984318_acute_chronic,GPL2986
2932572286_preInfection_acute,GPL2986
2932572286_preInfection_chronic,GPL2986
2932572286_acute_chronic,GPL2986